scenario,arm,section,metric,n,mean,sd,cv,min,max,class
allocs,counters,counters,native_mem_avg_bytes,10,22636791,7470,0.00033,22626921,22651241,stable
allocs,counters,counters,native_mem_avg_bytes.calltrace,10,4024098,4362,0.00108,4018520,4032264,stable
allocs,counters,counters,native_mem_avg_bytes.dictionary,10,6740112,0,0.00000,6740112,6740112,stable
allocs,counters,counters,native_mem_avg_bytes.jfr_buffers,10,1214176,0,0.00000,1214176,1214176,stable
allocs,counters,counters,native_mem_avg_bytes.line_tables,10,62754,1962,0.03126,60064,66024,stable
allocs,counters,counters,native_mem_avg_bytes.liveness,10,0,0,0.00000,0,0,stable
allocs,counters,counters,native_mem_avg_bytes.method_map,10,178334,1974,0.01107,176400,181728,stable
allocs,counters,counters,native_mem_avg_bytes.misc,10,0,0,0.00000,0,0,stable
allocs,counters,counters,native_mem_avg_bytes.native_symbols,10,10317872,0,0.00000,10317872,10317872,stable
allocs,counters,counters,native_mem_avg_bytes.perf,10,0,0,0.00000,0,0,stable
allocs,counters,counters,native_mem_avg_bytes.thread_filter,10,40960,0,0.00000,40960,40960,stable
allocs,counters,counters,native_mem_avg_bytes.thread_info,10,2059,19,0.00903,2045,2081,stable
allocs,counters,counters,native_mem_avg_bytes.thread_local,10,56424,0,0.00000,56424,56424,stable
allocs,counters,counters,native_mem_avg_bytes.wallclock,10,0,0,0.00000,0,0,stable
allocs,counters,counters,native_mem_chunk_overhead_bytes.calltrace,10,30187,400,0.01324,29568,30848,stable
allocs,counters,counters,native_mem_chunk_overhead_bytes.dictionary,10,36648,0,0.00000,36648,36648,stable
allocs,counters,counters,native_mem_chunk_overhead_bytes.jfr_buffers,10,0,0,0.00000,0,0,stable
allocs,counters,counters,native_mem_chunk_overhead_bytes.line_tables,10,0,0,0.00000,0,0,stable
allocs,counters,counters,native_mem_chunk_overhead_bytes.liveness,10,0,0,0.00000,0,0,stable
allocs,counters,counters,native_mem_chunk_overhead_bytes.method_map,10,59445,658,0.01107,58800,60576,stable
allocs,counters,counters,native_mem_chunk_overhead_bytes.misc,10,0,0,0.00000,0,0,stable
allocs,counters,counters,native_mem_chunk_overhead_bytes.native_symbols,10,964976,0,0.00000,964976,964976,stable
allocs,counters,counters,native_mem_chunk_overhead_bytes.perf,10,0,0,0.00000,0,0,stable
allocs,counters,counters,native_mem_chunk_overhead_bytes.thread_filter,10,0,0,0.00000,0,0,stable
allocs,counters,counters,native_mem_chunk_overhead_bytes.thread_info,10,362,19,0.05194,336,384,stable
allocs,counters,counters,native_mem_chunk_overhead_bytes.thread_local,10,0,0,0.00000,0,0,stable
allocs,counters,counters,native_mem_chunk_overhead_bytes.wallclock,10,0,0,0.00000,0,0,stable
allocs,counters,counters,native_mem_live_bytes,10,23146037,10942,0.00047,23129629,23166877,stable
allocs,counters,counters,native_mem_live_bytes.calltrace,10,3899526,6010,0.00154,3891360,3907840,stable
allocs,counters,counters,native_mem_live_bytes.dictionary,10,7133328,0,0.00000,7133328,7133328,stable
allocs,counters,counters,native_mem_live_bytes.jfr_buffers,10,1214176,0,0.00000,1214176,1214176,stable
allocs,counters,counters,native_mem_live_bytes.line_tables,10,125509,3923,0.03126,120128,132048,stable
allocs,counters,counters,native_mem_live_bytes.liveness,10,0,0,0.00000,0,0,stable
allocs,counters,counters,native_mem_live_bytes.method_map,10,356669,3948,0.01107,352800,363456,stable
allocs,counters,counters,native_mem_live_bytes.misc,10,0,0,0.00000,0,0,stable
allocs,counters,counters,native_mem_live_bytes.native_symbols,10,10317872,0,0.00000,10317872,10317872,stable
allocs,counters,counters,native_mem_live_bytes.perf,10,0,0,0.00000,0,0,stable
allocs,counters,counters,native_mem_live_bytes.thread_filter,10,40960,0,0.00000,40960,40960,stable
allocs,counters,counters,native_mem_live_bytes.thread_info,10,1973,0,0.00000,1973,1973,stable
allocs,counters,counters,native_mem_live_bytes.thread_local,10,56024,0,0.00000,56024,56024,stable
allocs,counters,counters,native_mem_live_bytes.wallclock,10,0,0,0.00000,0,0,stable
allocs,counters,counters,native_mem_max_bytes,10,24479744,12466,0.00051,24463933,24500869,stable
allocs,counters,counters,native_mem_max_bytes.calltrace,10,5231461,6169,0.00118,5220992,5240912,stable
allocs,counters,counters,native_mem_max_bytes.dictionary,10,7133328,0,0.00000,7133328,7133328,stable
allocs,counters,counters,native_mem_max_bytes.jfr_buffers,10,1214176,0,0.00000,1214176,1214176,stable
allocs,counters,counters,native_mem_max_bytes.line_tables,10,125509,3923,0.03126,120128,132048,stable
allocs,counters,counters,native_mem_max_bytes.liveness,10,0,0,0.00000,0,0,stable
allocs,counters,counters,native_mem_max_bytes.method_map,10,356669,3948,0.01107,352800,363456,stable
allocs,counters,counters,native_mem_max_bytes.misc,10,0,0,0.00000,0,0,stable
allocs,counters,counters,native_mem_max_bytes.native_symbols,10,10317872,0,0.00000,10317872,10317872,stable
allocs,counters,counters,native_mem_max_bytes.perf,10,0,0,0.00000,0,0,stable
allocs,counters,counters,native_mem_max_bytes.thread_filter,10,40960,0,0.00000,40960,40960,stable
allocs,counters,counters,native_mem_max_bytes.thread_info,10,2146,37,0.01733,2117,2189,stable
allocs,counters,counters,native_mem_max_bytes.thread_local,10,57624,0,0.00000,57624,57624,stable
allocs,counters,counters,native_mem_max_bytes.wallclock,10,0,0,0.00000,0,0,stable
allocs,counters,counters,native_mem_max_observed_total_bytes,10,23146037,10942,0.00047,23129629,23166877,stable
allocs,counters,counters,native_mem_post_flush_live_bytes.calltrace,10,3744102,393,0.00010,3743504,3744768,stable
allocs,counters,counters,native_mem_post_flush_live_bytes.dictionary,10,6346896,0,0.00000,6346896,6346896,stable
allocs,counters,counters,native_mem_post_flush_live_bytes.jfr_buffers,10,1214176,0,0.00000,1214176,1214176,stable
allocs,counters,counters,native_mem_post_flush_live_bytes.line_tables,10,125509,3923,0.03126,120128,132048,stable
allocs,counters,counters,native_mem_post_flush_live_bytes.liveness,10,0,0,0.00000,0,0,stable
allocs,counters,counters,native_mem_post_flush_live_bytes.method_map,10,356669,3948,0.01107,352800,363456,stable
allocs,counters,counters,native_mem_post_flush_live_bytes.misc,10,0,0,0.00000,0,0,stable
allocs,counters,counters,native_mem_post_flush_live_bytes.native_symbols,10,10317872,0,0.00000,10317872,10317872,stable
allocs,counters,counters,native_mem_post_flush_live_bytes.perf,10,0,0,0.00000,0,0,stable
allocs,counters,counters,native_mem_post_flush_live_bytes.thread_filter,10,40960,0,0.00000,40960,40960,stable
allocs,counters,counters,native_mem_post_flush_live_bytes.thread_info,10,2146,37,0.01733,2117,2189,stable
allocs,counters,counters,native_mem_post_flush_live_bytes.thread_local,10,56824,0,0.00000,56824,56824,stable
allocs,counters,counters,native_mem_post_flush_live_bytes.wallclock,10,0,0,0.00000,0,0,stable
allocs,counters,counters,native_mem_post_flush_max_bytes.calltrace,10,5231461,6169,0.00118,5220992,5240912,stable
allocs,counters,counters,native_mem_post_flush_max_bytes.dictionary,10,6917256,1183,0.00017,6915279,6919634,stable
allocs,counters,counters,native_mem_post_flush_max_bytes.jfr_buffers,10,1214176,0,0.00000,1214176,1214176,stable
allocs,counters,counters,native_mem_post_flush_max_bytes.line_tables,10,125509,3923,0.03126,120128,132048,stable
allocs,counters,counters,native_mem_post_flush_max_bytes.liveness,10,0,0,0.00000,0,0,stable
allocs,counters,counters,native_mem_post_flush_max_bytes.method_map,10,356669,3948,0.01107,352800,363456,stable
allocs,counters,counters,native_mem_post_flush_max_bytes.misc,10,0,0,0.00000,0,0,stable
allocs,counters,counters,native_mem_post_flush_max_bytes.native_symbols,10,10317872,0,0.00000,10317872,10317872,stable
allocs,counters,counters,native_mem_post_flush_max_bytes.perf,10,0,0,0.00000,0,0,stable
allocs,counters,counters,native_mem_post_flush_max_bytes.thread_filter,10,40960,0,0.00000,40960,40960,stable
allocs,counters,counters,native_mem_post_flush_max_bytes.thread_info,10,2146,37,0.01733,2117,2189,stable
allocs,counters,counters,native_mem_post_flush_max_bytes.thread_local,10,57624,0,0.00000,57624,57624,stable
allocs,counters,counters,native_mem_post_flush_max_bytes.wallclock,10,0,0,0.00000,0,0,stable
allocs,counters,proc_kb,RssAnon,10,638457446,3514835,0.00551,629035008,640495616,stable
allocs,counters,proc_kb,RssFile,10,25867469,1972695,0.07626,25243648,31481856,noisy
allocs,counters,proc_kb,VmRSS,10,664324915,1784253,0.00269,660516864,665739264,stable
allocs,nmt,counters,native_mem_avg_bytes,10,22642594,6403,0.00028,22633809,22653781,stable
allocs,nmt,counters,native_mem_avg_bytes.calltrace,10,4028674,5169,0.00128,4021560,4035736,stable
allocs,nmt,counters,native_mem_avg_bytes.dictionary,10,6740112,0,0.00000,6740112,6740112,stable
allocs,nmt,counters,native_mem_avg_bytes.jfr_buffers,10,1214176,0,0.00000,1214176,1214176,stable
allocs,nmt,counters,native_mem_avg_bytes.line_tables,10,62464,1572,0.02516,59592,64576,stable
allocs,nmt,counters,native_mem_avg_bytes.liveness,10,0,0,0.00000,0,0,stable
allocs,nmt,counters,native_mem_avg_bytes.method_map,10,179386,1754,0.00978,175776,182352,stable
allocs,nmt,counters,native_mem_avg_bytes.misc,10,0,0,0.00000,0,0,stable
allocs,nmt,counters,native_mem_avg_bytes.native_symbols,10,10317872,0,0.00000,10317872,10317872,stable
allocs,nmt,counters,native_mem_avg_bytes.perf,10,0,0,0.00000,0,0,stable
allocs,nmt,counters,native_mem_avg_bytes.thread_filter,10,40960,0,0.00000,40960,40960,stable
allocs,nmt,counters,native_mem_avg_bytes.thread_info,10,2127,25,0.01184,2105,2177,stable
allocs,nmt,counters,native_mem_avg_bytes.thread_local,10,56824,0,0.00000,56824,56824,stable
allocs,nmt,counters,native_mem_avg_bytes.wallclock,10,0,0,0.00000,0,0,stable
allocs,nmt,counters,native_mem_chunk_overhead_bytes.calltrace,10,30475,360,0.01182,29680,31056,stable
allocs,nmt,counters,native_mem_chunk_overhead_bytes.dictionary,10,36648,0,0.00000,36648,36648,stable
allocs,nmt,counters,native_mem_chunk_overhead_bytes.jfr_buffers,10,0,0,0.00000,0,0,stable
allocs,nmt,counters,native_mem_chunk_overhead_bytes.line_tables,10,0,0,0.00000,0,0,stable
allocs,nmt,counters,native_mem_chunk_overhead_bytes.liveness,10,0,0,0.00000,0,0,stable
allocs,nmt,counters,native_mem_chunk_overhead_bytes.method_map,10,59795,585,0.00978,58592,60784,stable
allocs,nmt,counters,native_mem_chunk_overhead_bytes.misc,10,0,0,0.00000,0,0,stable
allocs,nmt,counters,native_mem_chunk_overhead_bytes.native_symbols,10,964957,10,0.00001,964944,964976,stable
allocs,nmt,counters,native_mem_chunk_overhead_bytes.perf,10,0,0,0.00000,0,0,stable
allocs,nmt,counters,native_mem_chunk_overhead_bytes.thread_filter,10,0,0,0.00000,0,0,stable
allocs,nmt,counters,native_mem_chunk_overhead_bytes.thread_info,10,326,19,0.05869,312,360,stable
allocs,nmt,counters,native_mem_chunk_overhead_bytes.thread_local,10,0,0,0.00000,0,0,stable
allocs,nmt,counters,native_mem_chunk_overhead_bytes.wallclock,10,0,0,0.00000,0,0,stable
allocs,nmt,counters,native_mem_live_bytes,10,23153123,12753,0.00055,23133573,23168693,stable
allocs,nmt,counters,native_mem_live_bytes.calltrace,10,3904171,11661,0.00299,3887968,3926208,stable
allocs,nmt,counters,native_mem_live_bytes.dictionary,10,7133328,0,0.00000,7133328,7133328,stable
allocs,nmt,counters,native_mem_live_bytes.jfr_buffers,10,1214176,0,0.00000,1214176,1214176,stable
allocs,nmt,counters,native_mem_live_bytes.line_tables,10,124928,3144,0.02516,119184,129152,stable
allocs,nmt,counters,native_mem_live_bytes.liveness,10,0,0,0.00000,0,0,stable
allocs,nmt,counters,native_mem_live_bytes.method_map,10,358771,3509,0.00978,351552,364704,stable
allocs,nmt,counters,native_mem_live_bytes.misc,10,0,0,0.00000,0,0,stable
allocs,nmt,counters,native_mem_live_bytes.native_symbols,10,10317872,0,0.00000,10317872,10317872,stable
allocs,nmt,counters,native_mem_live_bytes.perf,10,0,0,0.00000,0,0,stable
allocs,nmt,counters,native_mem_live_bytes.thread_filter,10,40960,0,0.00000,40960,40960,stable
allocs,nmt,counters,native_mem_live_bytes.thread_info,10,2093,0,0.00000,2093,2093,stable
allocs,nmt,counters,native_mem_live_bytes.thread_local,10,56824,0,0.00000,56824,56824,stable
allocs,nmt,counters,native_mem_live_bytes.wallclock,10,0,0,0.00000,0,0,stable
allocs,nmt,counters,native_mem_max_bytes,10,24486069,9922,0.00041,24466301,24502629,stable
allocs,nmt,counters,native_mem_max_bytes.calltrace,10,5236250,6109,0.00117,5222848,5244560,stable
allocs,nmt,counters,native_mem_max_bytes.dictionary,10,7133328,0,0.00000,7133328,7133328,stable
allocs,nmt,counters,native_mem_max_bytes.jfr_buffers,10,1214176,0,0.00000,1214176,1214176,stable
allocs,nmt,counters,native_mem_max_bytes.line_tables,10,124928,3144,0.02516,119184,129152,stable
allocs,nmt,counters,native_mem_max_bytes.liveness,10,0,0,0.00000,0,0,stable
allocs,nmt,counters,native_mem_max_bytes.method_map,10,358771,3509,0.00978,351552,364704,stable
allocs,nmt,counters,native_mem_max_bytes.misc,10,0,0,0.00000,0,0,stable
allocs,nmt,counters,native_mem_max_bytes.native_symbols,10,10317872,0,0.00000,10317872,10317872,stable
allocs,nmt,counters,native_mem_max_bytes.perf,10,0,0,0.00000,0,0,stable
allocs,nmt,counters,native_mem_max_bytes.thread_filter,10,40960,0,0.00000,40960,40960,stable
allocs,nmt,counters,native_mem_max_bytes.thread_info,10,2160,50,0.02330,2117,2261,stable
allocs,nmt,counters,native_mem_max_bytes.thread_local,10,57624,0,0.00000,57624,57624,stable
allocs,nmt,counters,native_mem_max_bytes.wallclock,10,0,0,0.00000,0,0,stable
allocs,nmt,counters,native_mem_max_observed_total_bytes,10,23153123,12753,0.00055,23133573,23168693,stable
allocs,nmt,counters,native_mem_post_flush_live_bytes.calltrace,10,3744386,364,0.00010,3743584,3744976,stable
allocs,nmt,counters,native_mem_post_flush_live_bytes.dictionary,10,6346896,0,0.00000,6346896,6346896,stable
allocs,nmt,counters,native_mem_post_flush_live_bytes.jfr_buffers,10,1214176,0,0.00000,1214176,1214176,stable
allocs,nmt,counters,native_mem_post_flush_live_bytes.line_tables,10,124928,3144,0.02516,119184,129152,stable
allocs,nmt,counters,native_mem_post_flush_live_bytes.liveness,10,0,0,0.00000,0,0,stable
allocs,nmt,counters,native_mem_post_flush_live_bytes.method_map,10,358771,3509,0.00978,351552,364704,stable
allocs,nmt,counters,native_mem_post_flush_live_bytes.misc,10,0,0,0.00000,0,0,stable
allocs,nmt,counters,native_mem_post_flush_live_bytes.native_symbols,10,10317872,0,0.00000,10317872,10317872,stable
allocs,nmt,counters,native_mem_post_flush_live_bytes.perf,10,0,0,0.00000,0,0,stable
allocs,nmt,counters,native_mem_post_flush_live_bytes.thread_filter,10,40960,0,0.00000,40960,40960,stable
allocs,nmt,counters,native_mem_post_flush_live_bytes.thread_info,10,2160,50,0.02330,2117,2261,stable
allocs,nmt,counters,native_mem_post_flush_live_bytes.thread_local,10,56824,0,0.00000,56824,56824,stable
allocs,nmt,counters,native_mem_post_flush_live_bytes.wallclock,10,0,0,0.00000,0,0,stable
allocs,nmt,counters,native_mem_post_flush_max_bytes.calltrace,10,5236250,6109,0.00117,5222848,5244560,stable
allocs,nmt,counters,native_mem_post_flush_max_bytes.dictionary,10,6917368,1346,0.00019,6915097,6919662,stable
allocs,nmt,counters,native_mem_post_flush_max_bytes.jfr_buffers,10,1214176,0,0.00000,1214176,1214176,stable
allocs,nmt,counters,native_mem_post_flush_max_bytes.line_tables,10,124928,3144,0.02516,119184,129152,stable
allocs,nmt,counters,native_mem_post_flush_max_bytes.liveness,10,0,0,0.00000,0,0,stable
allocs,nmt,counters,native_mem_post_flush_max_bytes.method_map,10,358771,3509,0.00978,351552,364704,stable
allocs,nmt,counters,native_mem_post_flush_max_bytes.misc,10,0,0,0.00000,0,0,stable
allocs,nmt,counters,native_mem_post_flush_max_bytes.native_symbols,10,10317872,0,0.00000,10317872,10317872,stable
allocs,nmt,counters,native_mem_post_flush_max_bytes.perf,10,0,0,0.00000,0,0,stable
allocs,nmt,counters,native_mem_post_flush_max_bytes.thread_filter,10,40960,0,0.00000,40960,40960,stable
allocs,nmt,counters,native_mem_post_flush_max_bytes.thread_info,10,2160,50,0.02330,2117,2261,stable
allocs,nmt,counters,native_mem_post_flush_max_bytes.thread_local,10,57624,0,0.00000,57624,57624,stable
allocs,nmt,counters,native_mem_post_flush_max_bytes.wallclock,10,0,0,0.00000,0,0,stable
allocs,nmt,nmt_kb,arena_chunk,10,33792,0,0.00000,33792,33792,stable
allocs,nmt,nmt_kb,class,10,5119590,529,0.00010,5118976,5120000,stable
allocs,nmt,nmt_kb,code,10,21179802,57259,0.00270,21129216,21271552,stable
allocs,nmt,nmt_kb,compiler,10,193536,0,0.00000,193536,193536,stable
allocs,nmt,nmt_kb,gc,10,54242099,42051,0.00078,54192128,54312960,stable
allocs,nmt,nmt_kb,gccardset,10,118784,0,0.00000,118784,118784,stable
allocs,nmt,nmt_kb,internal,10,1932800,3388,0.00175,1926144,1937408,stable
allocs,nmt,nmt_kb,java_heap,10,536870912,0,0.00000,536870912,536870912,stable
allocs,nmt,nmt_kb,metaspace,10,12141568,0,0.00000,12141568,12141568,stable
allocs,nmt,nmt_kb,module,10,40960,0,0.00000,40960,40960,stable
allocs,nmt,nmt_kb,native_memory_tracking,10,1444659,3975,0.00275,1438720,1448960,stable
allocs,nmt,nmt_kb,safepoint,10,8192,0,0.00000,8192,8192,stable
allocs,nmt,nmt_kb,serviceability,10,17408,0,0.00000,17408,17408,stable
allocs,nmt,nmt_kb,string_deduplication,10,1024,0,0.00000,1024,1024,stable
allocs,nmt,nmt_kb,symbol,10,1671885,495,0.00030,1671168,1672192,stable
allocs,nmt,nmt_kb,synchronization,10,363520,0,0.00000,363520,363520,stable
allocs,nmt,nmt_kb,thread,10,1062912,0,0.00000,1062912,1062912,stable
allocs,nmt,nmt_kb,total,10,649747661,79305,0.00012,649646080,649847808,stable
allocs,nmt,nmt_kb,unknown,10,0,0,0.00000,0,0,stable
allocs,nmt,proc_kb,RssAnon,10,641280410,1293913,0.00202,638660608,642392064,stable
allocs,nmt,proc_kb,RssFile,10,25243648,0,0.00000,25243648,25243648,stable
allocs,nmt,proc_kb,VmRSS,10,666524058,1293913,0.00194,663904256,667635712,stable
allocs,noprof,nmt_kb,arena_chunk,3,1024,0,0.00000,1024,1024,stable
allocs,noprof,nmt_kb,class,3,4743851,591,0.00012,4743168,4744192,stable
allocs,noprof,nmt_kb,code,3,19397973,78657,0.00405,19350528,19488768,stable
allocs,noprof,nmt_kb,compiler,3,193536,0,0.00000,193536,193536,stable
allocs,noprof,nmt_kb,gc,3,54234112,27837,0.00051,54203392,54257664,stable
allocs,noprof,nmt_kb,gccardset,3,118784,0,0.00000,118784,118784,stable
allocs,noprof,nmt_kb,internal,3,1532928,0,0.00000,1532928,1532928,stable
allocs,noprof,nmt_kb,java_heap,3,536870912,0,0.00000,536870912,536870912,stable
allocs,noprof,nmt_kb,metaspace,3,11878400,0,0.00000,11878400,11878400,stable
allocs,noprof,nmt_kb,module,3,40960,0,0.00000,40960,40960,stable
allocs,noprof,nmt_kb,native_memory_tracking,3,1225045,2577,0.00210,1222656,1227776,stable
allocs,noprof,nmt_kb,safepoint,3,8192,0,0.00000,8192,8192,stable
allocs,noprof,nmt_kb,serviceability,3,17408,0,0.00000,17408,17408,stable
allocs,noprof,nmt_kb,string_deduplication,3,1024,0,0.00000,1024,1024,stable
allocs,noprof,nmt_kb,symbol,3,1649664,0,0.00000,1649664,1649664,stable
allocs,noprof,nmt_kb,synchronization,3,362496,0,0.00000,362496,362496,stable
allocs,noprof,nmt_kb,thread,3,1061888,0,0.00000,1061888,1061888,stable
allocs,noprof,nmt_kb,total,3,646643029,87708,0.00014,646566912,646738944,stable
allocs,noprof,nmt_kb,unknown,3,0,0,0.00000,0,0,stable
allocs,noprof,proc_kb,RssAnon,3,616964096,2887523,0.00468,614715392,620220416,stable
allocs,noprof,proc_kb,RssFile,3,21082112,7094,0.00034,21073920,21086208,stable
allocs,noprof,proc_kb,VmRSS,3,638046208,2880595,0.00451,635801600,641294336,stable
classesM,counters,counters,native_mem_avg_bytes,10,22359435,54763,0.00245,22278601,22398225,stable
classesM,counters,counters,native_mem_avg_bytes.calltrace,10,4459412,39694,0.00890,4400832,4485936,stable
classesM,counters,counters,native_mem_avg_bytes.dictionary,10,5953680,0,0.00000,5953680,5953680,stable
classesM,counters,counters,native_mem_avg_bytes.jfr_buffers,10,1214176,0,0.00000,1214176,1214176,stable
classesM,counters,counters,native_mem_avg_bytes.line_tables,10,79840,3864,0.04839,74024,84160,stable
classesM,counters,counters,native_mem_avg_bytes.liveness,10,0,0,0.00000,0,0,stable
classesM,counters,counters,native_mem_avg_bytes.method_map,10,229666,11597,0.05050,211344,238896,stable
classesM,counters,counters,native_mem_avg_bytes.misc,10,0,0,0.00000,0,0,stable
classesM,counters,counters,native_mem_avg_bytes.native_symbols,10,10317872,0,0.00000,10317872,10317872,stable
classesM,counters,counters,native_mem_avg_bytes.perf,10,0,0,0.00000,0,0,stable
classesM,counters,counters,native_mem_avg_bytes.thread_filter,10,40960,0,0.00000,40960,40960,stable
classesM,counters,counters,native_mem_avg_bytes.thread_info,10,2509,11,0.00454,2477,2513,stable
classesM,counters,counters,native_mem_avg_bytes.thread_local,10,57224,0,0.00000,57224,57224,stable
classesM,counters,counters,native_mem_avg_bytes.wallclock,10,4096,0,0.00000,4096,4096,stable
classesM,counters,counters,native_mem_chunk_overhead_bytes.calltrace,10,50363,2862,0.05683,45904,52352,stable
classesM,counters,counters,native_mem_chunk_overhead_bytes.dictionary,10,36648,0,0.00000,36648,36648,stable
classesM,counters,counters,native_mem_chunk_overhead_bytes.jfr_buffers,10,0,0,0.00000,0,0,stable
classesM,counters,counters,native_mem_chunk_overhead_bytes.line_tables,10,0,0,0.00000,0,0,stable
classesM,counters,counters,native_mem_chunk_overhead_bytes.liveness,10,0,0,0.00000,0,0,stable
classesM,counters,counters,native_mem_chunk_overhead_bytes.method_map,10,76651,3881,0.05063,70528,79712,stable
classesM,counters,counters,native_mem_chunk_overhead_bytes.misc,10,0,0,0.00000,0,0,stable
classesM,counters,counters,native_mem_chunk_overhead_bytes.native_symbols,10,964976,0,0.00000,964976,964976,stable
classesM,counters,counters,native_mem_chunk_overhead_bytes.perf,10,0,0,0.00000,0,0,stable
classesM,counters,counters,native_mem_chunk_overhead_bytes.thread_filter,10,0,0,0.00000,0,0,stable
classesM,counters,counters,native_mem_chunk_overhead_bytes.thread_info,10,412,9,0.02097,400,424,stable
classesM,counters,counters,native_mem_chunk_overhead_bytes.thread_local,10,0,0,0.00000,0,0,stable
classesM,counters,counters,native_mem_chunk_overhead_bytes.wallclock,10,0,0,0.00000,0,0,stable
classesM,counters,counters,native_mem_live_bytes,10,23862753,69709,0.00292,23758341,23913445,stable
classesM,counters,counters,native_mem_live_bytes.calltrace,10,4477824,39608,0.00885,4418384,4504176,stable
classesM,counters,counters,native_mem_live_bytes.dictionary,10,7133328,0,0.00000,7133328,7133328,stable
classesM,counters,counters,native_mem_live_bytes.jfr_buffers,10,1214176,0,0.00000,1214176,1214176,stable
classesM,counters,counters,native_mem_live_bytes.line_tables,10,159680,7728,0.04839,148048,168320,stable
classesM,counters,counters,native_mem_live_bytes.liveness,10,0,0,0.00000,0,0,stable
classesM,counters,counters,native_mem_live_bytes.method_map,10,459331,23195,0.05050,422688,477792,stable
classesM,counters,counters,native_mem_live_bytes.misc,10,0,0,0.00000,0,0,stable
classesM,counters,counters,native_mem_live_bytes.native_symbols,10,10317872,0,0.00000,10317872,10317872,stable
classesM,counters,counters,native_mem_live_bytes.perf,10,0,0,0.00000,0,0,stable
classesM,counters,counters,native_mem_live_bytes.thread_filter,10,40960,0,0.00000,40960,40960,stable
classesM,counters,counters,native_mem_live_bytes.thread_info,10,2758,23,0.00826,2693,2765,stable
classesM,counters,counters,native_mem_live_bytes.thread_local,10,56824,0,0.00000,56824,56824,stable
classesM,counters,counters,native_mem_live_bytes.wallclock,10,0,0,0.00000,0,0,stable
classesM,counters,counters,native_mem_max_bytes,10,24968257,70197,0.00281,24860733,25023757,stable
classesM,counters,counters,native_mem_max_bytes.calltrace,10,5574336,39960,0.00717,5511016,5604568,stable
classesM,counters,counters,native_mem_max_bytes.dictionary,10,7133328,0,0.00000,7133328,7133328,stable
classesM,counters,counters,native_mem_max_bytes.jfr_buffers,10,1214176,0,0.00000,1214176,1214176,stable
classesM,counters,counters,native_mem_max_bytes.line_tables,10,159680,7728,0.04839,148048,168320,stable
classesM,counters,counters,native_mem_max_bytes.liveness,10,0,0,0.00000,0,0,stable
classesM,counters,counters,native_mem_max_bytes.method_map,10,459331,23195,0.05050,422688,477792,stable
classesM,counters,counters,native_mem_max_bytes.misc,10,0,0,0.00000,0,0,stable
classesM,counters,counters,native_mem_max_bytes.native_symbols,10,10317872,0,0.00000,10317872,10317872,stable
classesM,counters,counters,native_mem_max_bytes.perf,10,0,0,0.00000,0,0,stable
classesM,counters,counters,native_mem_max_bytes.thread_filter,10,40960,0,0.00000,40960,40960,stable
classesM,counters,counters,native_mem_max_bytes.thread_info,10,2758,23,0.00826,2693,2765,stable
classesM,counters,counters,native_mem_max_bytes.thread_local,10,57624,0,0.00000,57624,57624,stable
classesM,counters,counters,native_mem_max_bytes.wallclock,10,8192,0,0.00000,8192,8192,stable
classesM,counters,counters,native_mem_max_observed_total_bytes,10,23862753,69709,0.00292,23758341,23913445,stable
classesM,counters,counters,native_mem_post_flush_live_bytes.calltrace,10,3789915,2862,0.00076,3785456,3791904,stable
classesM,counters,counters,native_mem_post_flush_live_bytes.dictionary,10,6346896,0,0.00000,6346896,6346896,stable
classesM,counters,counters,native_mem_post_flush_live_bytes.jfr_buffers,10,1214176,0,0.00000,1214176,1214176,stable
classesM,counters,counters,native_mem_post_flush_live_bytes.line_tables,10,159680,7728,0.04839,148048,168320,stable
classesM,counters,counters,native_mem_post_flush_live_bytes.liveness,10,0,0,0.00000,0,0,stable
classesM,counters,counters,native_mem_post_flush_live_bytes.method_map,10,459331,23195,0.05050,422688,477792,stable
classesM,counters,counters,native_mem_post_flush_live_bytes.misc,10,0,0,0.00000,0,0,stable
classesM,counters,counters,native_mem_post_flush_live_bytes.native_symbols,10,10317872,0,0.00000,10317872,10317872,stable
classesM,counters,counters,native_mem_post_flush_live_bytes.perf,10,0,0,0.00000,0,0,stable
classesM,counters,counters,native_mem_post_flush_live_bytes.thread_filter,10,40960,0,0.00000,40960,40960,stable
classesM,counters,counters,native_mem_post_flush_live_bytes.thread_info,10,2261,0,0.00000,2261,2261,stable
classesM,counters,counters,native_mem_post_flush_live_bytes.thread_local,10,57624,0,0.00000,57624,57624,stable
classesM,counters,counters,native_mem_post_flush_live_bytes.wallclock,10,8192,0,0.00000,8192,8192,stable
classesM,counters,counters,native_mem_post_flush_max_bytes.calltrace,10,5574336,39960,0.00717,5511016,5604568,stable
classesM,counters,counters,native_mem_post_flush_max_bytes.dictionary,10,6921920,1559,0.00023,6919923,6924833,stable
classesM,counters,counters,native_mem_post_flush_max_bytes.jfr_buffers,10,1214176,0,0.00000,1214176,1214176,stable
classesM,counters,counters,native_mem_post_flush_max_bytes.line_tables,10,159680,7728,0.04839,148048,168320,stable
classesM,counters,counters,native_mem_post_flush_max_bytes.liveness,10,0,0,0.00000,0,0,stable
classesM,counters,counters,native_mem_post_flush_max_bytes.method_map,10,459331,23195,0.05050,422688,477792,stable
classesM,counters,counters,native_mem_post_flush_max_bytes.misc,10,0,0,0.00000,0,0,stable
classesM,counters,counters,native_mem_post_flush_max_bytes.native_symbols,10,10317872,0,0.00000,10317872,10317872,stable
classesM,counters,counters,native_mem_post_flush_max_bytes.perf,10,0,0,0.00000,0,0,stable
classesM,counters,counters,native_mem_post_flush_max_bytes.thread_filter,10,40960,0,0.00000,40960,40960,stable
classesM,counters,counters,native_mem_post_flush_max_bytes.thread_info,10,2261,0,0.00000,2261,2261,stable
classesM,counters,counters,native_mem_post_flush_max_bytes.thread_local,10,57624,0,0.00000,57624,57624,stable
classesM,counters,counters,native_mem_post_flush_max_bytes.wallclock,10,8192,0,0.00000,8192,8192,stable
classesM,counters,proc_kb,RssAnon,10,912592077,6545094,0.00717,903704576,925421568,stable
classesM,counters,proc_kb,RssFile,10,25957171,2180082,0.08399,25264128,32161792,noisy
classesM,counters,proc_kb,VmRSS,10,938549248,6126867,0.00653,928972800,950689792,stable
classesM,nmt,counters,native_mem_avg_bytes,10,22341902,55280,0.00247,22275725,22401773,stable
classesM,nmt,counters,native_mem_avg_bytes.calltrace,10,4448032,40443,0.00909,4399808,4489840,stable
classesM,nmt,counters,native_mem_avg_bytes.dictionary,10,5953680,0,0.00000,5953680,5953680,stable
classesM,nmt,counters,native_mem_avg_bytes.jfr_buffers,10,1214176,0,0.00000,1214176,1214176,stable
classesM,nmt,counters,native_mem_avg_bytes.line_tables,10,77799,4119,0.05294,71848,83304,stable
classesM,nmt,counters,native_mem_avg_bytes.liveness,10,0,0,0.00000,0,0,stable
classesM,nmt,counters,native_mem_avg_bytes.method_map,10,225115,11391,0.05060,210384,237648,stable
classesM,nmt,counters,native_mem_avg_bytes.misc,10,0,0,0.00000,0,0,stable
classesM,nmt,counters,native_mem_avg_bytes.native_symbols,10,10317872,0,0.00000,10317872,10317872,stable
classesM,nmt,counters,native_mem_avg_bytes.perf,10,0,0,0.00000,0,0,stable
classesM,nmt,counters,native_mem_avg_bytes.thread_filter,10,40960,0,0.00000,40960,40960,stable
classesM,nmt,counters,native_mem_avg_bytes.thread_info,10,2548,34,0.01340,2465,2573,stable
classesM,nmt,counters,native_mem_avg_bytes.thread_local,10,57624,0,0.00000,57624,57624,stable
classesM,nmt,counters,native_mem_avg_bytes.wallclock,10,4096,0,0.00000,4096,4096,stable
classesM,nmt,counters,native_mem_chunk_overhead_bytes.calltrace,10,49672,2741,0.05518,46016,52336,stable
classesM,nmt,counters,native_mem_chunk_overhead_bytes.dictionary,10,36648,0,0.00000,36648,36648,stable
classesM,nmt,counters,native_mem_chunk_overhead_bytes.jfr_buffers,10,0,0,0.00000,0,0,stable
classesM,nmt,counters,native_mem_chunk_overhead_bytes.line_tables,10,0,0,0.00000,0,0,stable
classesM,nmt,counters,native_mem_chunk_overhead_bytes.liveness,10,0,0,0.00000,0,0,stable
classesM,nmt,counters,native_mem_chunk_overhead_bytes.method_map,10,75096,3795,0.05053,70176,79296,stable
classesM,nmt,counters,native_mem_chunk_overhead_bytes.misc,10,0,0,0.00000,0,0,stable
classesM,nmt,counters,native_mem_chunk_overhead_bytes.native_symbols,10,964962,5,0.00001,964960,964976,stable
classesM,nmt,counters,native_mem_chunk_overhead_bytes.perf,10,0,0,0.00000,0,0,stable
classesM,nmt,counters,native_mem_chunk_overhead_bytes.thread_filter,10,0,0,0.00000,0,0,stable
classesM,nmt,counters,native_mem_chunk_overhead_bytes.thread_info,10,395,6,0.01415,384,400,stable
classesM,nmt,counters,native_mem_chunk_overhead_bytes.thread_local,10,0,0,0.00000,0,0,stable
classesM,nmt,counters,native_mem_chunk_overhead_bytes.wallclock,10,0,0,0.00000,0,0,stable
classesM,nmt,counters,native_mem_live_bytes,10,23834701,73460,0.00308,23751445,23914701,stable
classesM,nmt,counters,native_mem_live_bytes.calltrace,10,4462070,43877,0.00983,4416464,4507216,stable
classesM,nmt,counters,native_mem_live_bytes.dictionary,10,7133328,0,0.00000,7133328,7133328,stable
classesM,nmt,counters,native_mem_live_bytes.jfr_buffers,10,1214176,0,0.00000,1214176,1214176,stable
classesM,nmt,counters,native_mem_live_bytes.line_tables,10,155598,8238,0.05294,143696,166608,stable
classesM,nmt,counters,native_mem_live_bytes.liveness,10,0,0,0.00000,0,0,stable
classesM,nmt,counters,native_mem_live_bytes.method_map,10,450230,22782,0.05060,420768,475296,stable
classesM,nmt,counters,native_mem_live_bytes.misc,10,0,0,0.00000,0,0,stable
classesM,nmt,counters,native_mem_live_bytes.native_symbols,10,10317872,0,0.00000,10317872,10317872,stable
classesM,nmt,counters,native_mem_live_bytes.perf,10,0,0,0.00000,0,0,stable
classesM,nmt,counters,native_mem_live_bytes.thread_filter,10,40960,0,0.00000,40960,40960,stable
classesM,nmt,counters,native_mem_live_bytes.thread_info,10,2842,50,0.01772,2741,2885,stable
classesM,nmt,counters,native_mem_live_bytes.thread_local,10,57624,0,0.00000,57624,57624,stable
classesM,nmt,counters,native_mem_live_bytes.wallclock,10,0,0,0.00000,0,0,stable
classesM,nmt,counters,native_mem_max_bytes,10,24948152,67607,0.00271,24859285,25024005,stable
classesM,nmt,counters,native_mem_max_bytes.calltrace,10,5567330,38043,0.00683,5514376,5607064,stable
classesM,nmt,counters,native_mem_max_bytes.dictionary,10,7133328,0,0.00000,7133328,7133328,stable
classesM,nmt,counters,native_mem_max_bytes.jfr_buffers,10,1214176,0,0.00000,1214176,1214176,stable
classesM,nmt,counters,native_mem_max_bytes.line_tables,10,155598,8238,0.05294,143696,166608,stable
classesM,nmt,counters,native_mem_max_bytes.liveness,10,0,0,0.00000,0,0,stable
classesM,nmt,counters,native_mem_max_bytes.method_map,10,450230,22782,0.05060,420768,475296,stable
classesM,nmt,counters,native_mem_max_bytes.misc,10,0,0,0.00000,0,0,stable
classesM,nmt,counters,native_mem_max_bytes.native_symbols,10,10317872,0,0.00000,10317872,10317872,stable
classesM,nmt,counters,native_mem_max_bytes.perf,10,0,0,0.00000,0,0,stable
classesM,nmt,counters,native_mem_max_bytes.thread_filter,10,40960,0,0.00000,40960,40960,stable
classesM,nmt,counters,native_mem_max_bytes.thread_info,10,2842,50,0.01772,2741,2885,stable
classesM,nmt,counters,native_mem_max_bytes.thread_local,10,57624,0,0.00000,57624,57624,stable
classesM,nmt,counters,native_mem_max_bytes.wallclock,10,8192,0,0.00000,8192,8192,stable
classesM,nmt,counters,native_mem_max_observed_total_bytes,10,23834701,73460,0.00308,23751445,23914701,stable
classesM,nmt,counters,native_mem_post_flush_live_bytes.calltrace,10,3789240,2741,0.00072,3785584,3791904,stable
classesM,nmt,counters,native_mem_post_flush_live_bytes.dictionary,10,6346896,0,0.00000,6346896,6346896,stable
classesM,nmt,counters,native_mem_post_flush_live_bytes.jfr_buffers,10,1214176,0,0.00000,1214176,1214176,stable
classesM,nmt,counters,native_mem_post_flush_live_bytes.line_tables,10,155598,8238,0.05294,143696,166608,stable
classesM,nmt,counters,native_mem_post_flush_live_bytes.liveness,10,0,0,0.00000,0,0,stable
classesM,nmt,counters,native_mem_post_flush_live_bytes.method_map,10,450230,22782,0.05060,420768,475296,stable
classesM,nmt,counters,native_mem_post_flush_live_bytes.misc,10,0,0,0.00000,0,0,stable
classesM,nmt,counters,native_mem_post_flush_live_bytes.native_symbols,10,10317872,0,0.00000,10317872,10317872,stable
classesM,nmt,counters,native_mem_post_flush_live_bytes.perf,10,0,0,0.00000,0,0,stable
classesM,nmt,counters,native_mem_post_flush_live_bytes.thread_filter,10,40960,0,0.00000,40960,40960,stable
classesM,nmt,counters,native_mem_post_flush_live_bytes.thread_info,10,2254,23,0.01010,2189,2261,stable
classesM,nmt,counters,native_mem_post_flush_live_bytes.thread_local,10,57624,0,0.00000,57624,57624,stable
classesM,nmt,counters,native_mem_post_flush_live_bytes.wallclock,10,8192,0,0.00000,8192,8192,stable
classesM,nmt,counters,native_mem_post_flush_max_bytes.calltrace,10,5567330,38043,0.00683,5514376,5607064,stable
classesM,nmt,counters,native_mem_post_flush_max_bytes.dictionary,10,6923007,1815,0.00026,6920755,6926542,stable
classesM,nmt,counters,native_mem_post_flush_max_bytes.jfr_buffers,10,1214176,0,0.00000,1214176,1214176,stable
classesM,nmt,counters,native_mem_post_flush_max_bytes.line_tables,10,155598,8238,0.05294,143696,166608,stable
classesM,nmt,counters,native_mem_post_flush_max_bytes.liveness,10,0,0,0.00000,0,0,stable
classesM,nmt,counters,native_mem_post_flush_max_bytes.method_map,10,450230,22782,0.05060,420768,475296,stable
classesM,nmt,counters,native_mem_post_flush_max_bytes.misc,10,0,0,0.00000,0,0,stable
classesM,nmt,counters,native_mem_post_flush_max_bytes.native_symbols,10,10317872,0,0.00000,10317872,10317872,stable
classesM,nmt,counters,native_mem_post_flush_max_bytes.perf,10,0,0,0.00000,0,0,stable
classesM,nmt,counters,native_mem_post_flush_max_bytes.thread_filter,10,40960,0,0.00000,40960,40960,stable
classesM,nmt,counters,native_mem_post_flush_max_bytes.thread_info,10,2254,23,0.01010,2189,2261,stable
classesM,nmt,counters,native_mem_post_flush_max_bytes.thread_local,10,57624,0,0.00000,57624,57624,stable
classesM,nmt,counters,native_mem_post_flush_max_bytes.wallclock,10,8192,0,0.00000,8192,8192,stable
classesM,nmt,nmt_kb,arena_chunk,10,1168794,221044,0.18912,669696,1375232,noisy
classesM,nmt,nmt_kb,class,10,71721472,724,0.00001,71719936,71721984,stable
classesM,nmt,nmt_kb,code,10,77058458,528049,0.00685,76387328,78106624,stable
classesM,nmt,nmt_kb,compiler,10,399155,287515,0.72031,190464,827392,noisy
classesM,nmt,nmt_kb,gc,10,55948083,69439,0.00124,55879680,56068096,stable
classesM,nmt,nmt_kb,gccardset,10,160666,756,0.00470,159744,161792,stable
classesM,nmt,nmt_kb,internal,10,6666240,7632,0.00114,6653952,6676480,stable
classesM,nmt,nmt_kb,java_heap,10,536870912,0,0.00000,536870912,536870912,stable
classesM,nmt,nmt_kb,metaspace,10,122663219,441467,0.00360,121932800,123469824,stable
classesM,nmt,nmt_kb,module,10,40960,0,0.00000,40960,40960,stable
classesM,nmt,nmt_kb,native_memory_tracking,10,11582771,33444,0.00289,11521024,11632640,stable
classesM,nmt,nmt_kb,safepoint,10,8192,0,0.00000,8192,8192,stable
classesM,nmt,nmt_kb,serviceability,10,17408,0,0.00000,17408,17408,stable
classesM,nmt,nmt_kb,string_deduplication,10,1024,0,0.00000,1024,1024,stable
classesM,nmt,nmt_kb,symbol,10,6163354,324,0.00005,6162432,6163456,stable
classesM,nmt,nmt_kb,synchronization,10,4633702,18058,0.00390,4611072,4676608,stable
classesM,nmt,nmt_kb,thread,10,1147699,4230,0.00369,1142784,1155072,stable
classesM,nmt,nmt_kb,total,10,909556736,1001241,0.00110,908214272,910934016,stable
classesM,nmt,nmt_kb,unknown,10,0,0,0.00000,0,0,stable
classesM,nmt,proc_kb,RssAnon,10,920473600,4291616,0.00466,913801216,931078144,stable
classesM,nmt,proc_kb,RssFile,10,25957581,2179938,0.08398,25264128,32161792,noisy
classesM,nmt,proc_kb,VmRSS,10,946431181,3596996,0.00380,942907392,956342272,stable
classesM,noprof,nmt_kb,arena_chunk,3,1397419,122886,0.08794,1310720,1538048,noisy
classesM,noprof,nmt_kb,class,3,68639061,591,0.00001,68638720,68639744,stable
classesM,noprof,nmt_kb,code,3,64323925,2137084,0.03322,62851072,66775040,banded
classesM,noprof,nmt_kb,compiler,3,266581,98098,0.36798,181248,373760,noisy
classesM,noprof,nmt_kb,gc,3,56359595,543840,0.00965,56003584,56985600,stable
classesM,noprof,nmt_kb,gccardset,3,160768,1024,0.00637,159744,161792,stable
classesM,noprof,nmt_kb,internal,3,3507200,10392,0.00296,3497984,3518464,stable
classesM,noprof,nmt_kb,java_heap,3,536870912,0,0.00000,536870912,536870912,stable
classesM,noprof,nmt_kb,metaspace,3,122639360,125552,0.00102,122505216,122754048,stable
classesM,noprof,nmt_kb,module,3,40960,0,0.00000,40960,40960,stable
classesM,noprof,nmt_kb,native_memory_tracking,3,9511936,80232,0.00843,9445376,9601024,stable
classesM,noprof,nmt_kb,safepoint,3,8192,0,0.00000,8192,8192,stable
classesM,noprof,nmt_kb,serviceability,3,17408,0,0.00000,17408,17408,stable
classesM,noprof,nmt_kb,string_deduplication,3,1024,0,0.00000,1024,1024,stable
classesM,noprof,nmt_kb,symbol,3,6141952,0,0.00000,6141952,6141952,stable
classesM,noprof,nmt_kb,synchronization,3,4667051,65137,0.01396,4610048,4738048,stable
classesM,noprof,nmt_kb,thread,3,1151317,2365,0.00205,1149952,1154048,stable
classesM,noprof,nmt_kb,total,3,889009152,2147073,0.00242,887578624,891478016,stable
classesM,noprof,nmt_kb,unknown,3,0,0,0.00000,0,0,stable
classesM,noprof,proc_kb,RssAnon,3,871615147,6046963,0.00694,867885056,878592000,stable
classesM,noprof,proc_kb,RssFile,3,21034325,2365,0.00011,21032960,21037056,stable
classesM,noprof,proc_kb,VmRSS,3,892649472,6045700,0.00677,888922112,899624960,stable
mixed,counters,counters,native_mem_avg_bytes,10,23894949,19766,0.00083,23872889,23918725,stable
mixed,counters,counters,native_mem_avg_bytes.calltrace,10,4708098,19054,0.00405,4686904,4732960,stable
mixed,counters,counters,native_mem_avg_bytes.dictionary,10,6740112,0,0.00000,6740112,6740112,stable
mixed,counters,counters,native_mem_avg_bytes.jfr_buffers,10,1214176,0,0.00000,1214176,1214176,stable
mixed,counters,counters,native_mem_avg_bytes.line_tables,10,69146,1653,0.02390,67312,72096,stable
mixed,counters,counters,native_mem_avg_bytes.liveness,10,524288,0,0.00000,524288,524288,stable
mixed,counters,counters,native_mem_avg_bytes.method_map,10,216878,934,0.00431,215328,218496,stable
mixed,counters,counters,native_mem_avg_bytes.misc,10,0,0,0.00000,0,0,stable
mixed,counters,counters,native_mem_avg_bytes.native_symbols,10,10317872,0,0.00000,10317872,10317872,stable
mixed,counters,counters,native_mem_avg_bytes.perf,10,0,0,0.00000,0,0,stable
mixed,counters,counters,native_mem_avg_bytes.thread_filter,10,40960,0,0.00000,40960,40960,stable
mixed,counters,counters,native_mem_avg_bytes.thread_info,10,2099,19,0.00904,2081,2117,stable
mixed,counters,counters,native_mem_avg_bytes.thread_local,10,57224,0,0.00000,57224,57224,stable
mixed,counters,counters,native_mem_avg_bytes.wallclock,10,4096,0,0.00000,4096,4096,stable
mixed,counters,counters,native_mem_chunk_overhead_bytes.calltrace,10,92565,2130,0.02301,90048,96000,stable
mixed,counters,counters,native_mem_chunk_overhead_bytes.dictionary,10,36648,0,0.00000,36648,36648,stable
mixed,counters,counters,native_mem_chunk_overhead_bytes.jfr_buffers,10,0,0,0.00000,0,0,stable
mixed,counters,counters,native_mem_chunk_overhead_bytes.line_tables,10,0,0,0.00000,0,0,stable
mixed,counters,counters,native_mem_chunk_overhead_bytes.liveness,10,0,0,0.00000,0,0,stable
mixed,counters,counters,native_mem_chunk_overhead_bytes.method_map,10,72293,311,0.00431,71776,72832,stable
mixed,counters,counters,native_mem_chunk_overhead_bytes.misc,10,0,0,0.00000,0,0,stable
mixed,counters,counters,native_mem_chunk_overhead_bytes.native_symbols,10,964976,0,0.00000,964976,964976,stable
mixed,counters,counters,native_mem_chunk_overhead_bytes.perf,10,0,0,0.00000,0,0,stable
mixed,counters,counters,native_mem_chunk_overhead_bytes.thread_filter,10,0,0,0.00000,0,0,stable
mixed,counters,counters,native_mem_chunk_overhead_bytes.thread_info,10,322,21,0.06401,304,352,stable
mixed,counters,counters,native_mem_chunk_overhead_bytes.thread_local,10,0,0,0.00000,0,0,stable
mixed,counters,counters,native_mem_chunk_overhead_bytes.wallclock,10,0,0,0.00000,0,0,stable
mixed,counters,counters,native_mem_live_bytes,10,24326159,15992,0.00066,24302357,24352989,stable
mixed,counters,counters,native_mem_live_bytes.calltrace,10,4464690,15498,0.00347,4443800,4498288,stable
mixed,counters,counters,native_mem_live_bytes.dictionary,10,7133328,0,0.00000,7133328,7133328,stable
mixed,counters,counters,native_mem_live_bytes.jfr_buffers,10,1214176,0,0.00000,1214176,1214176,stable
mixed,counters,counters,native_mem_live_bytes.line_tables,10,138291,3305,0.02390,134624,144192,stable
mixed,counters,counters,native_mem_live_bytes.liveness,10,524288,0,0.00000,524288,524288,stable
mixed,counters,counters,native_mem_live_bytes.method_map,10,433757,1868,0.00431,430656,436992,stable
mixed,counters,counters,native_mem_live_bytes.misc,10,0,0,0.00000,0,0,stable
mixed,counters,counters,native_mem_live_bytes.native_symbols,10,10317872,0,0.00000,10317872,10317872,stable
mixed,counters,counters,native_mem_live_bytes.perf,10,0,0,0.00000,0,0,stable
mixed,counters,counters,native_mem_live_bytes.thread_filter,10,40960,0,0.00000,40960,40960,stable
mixed,counters,counters,native_mem_live_bytes.thread_info,10,1973,0,0.00000,1973,1973,stable
mixed,counters,counters,native_mem_live_bytes.thread_local,10,56824,0,0.00000,56824,56824,stable
mixed,counters,counters,native_mem_live_bytes.wallclock,10,0,0,0.00000,0,0,stable
mixed,counters,counters,native_mem_max_bytes,10,26058588,28148,0.00108,26026605,26099125,stable
mixed,counters,counters,native_mem_max_bytes.calltrace,10,6186667,26028,0.00421,6156440,6227208,stable
mixed,counters,counters,native_mem_max_bytes.dictionary,10,7133328,0,0.00000,7133328,7133328,stable
mixed,counters,counters,native_mem_max_bytes.jfr_buffers,10,1214176,0,0.00000,1214176,1214176,stable
mixed,counters,counters,native_mem_max_bytes.line_tables,10,138291,3305,0.02390,134624,144192,stable
mixed,counters,counters,native_mem_max_bytes.liveness,10,524288,0,0.00000,524288,524288,stable
mixed,counters,counters,native_mem_max_bytes.method_map,10,433757,1868,0.00431,430656,436992,stable
mixed,counters,counters,native_mem_max_bytes.misc,10,0,0,0.00000,0,0,stable
mixed,counters,counters,native_mem_max_bytes.native_symbols,10,10317872,0,0.00000,10317872,10317872,stable
mixed,counters,counters,native_mem_max_bytes.perf,10,0,0,0.00000,0,0,stable
mixed,counters,counters,native_mem_max_bytes.thread_filter,10,40960,0,0.00000,40960,40960,stable
mixed,counters,counters,native_mem_max_bytes.thread_info,10,2633,63,0.02402,2573,2693,stable
mixed,counters,counters,native_mem_max_bytes.thread_local,10,58424,0,0.00000,58424,58424,stable
mixed,counters,counters,native_mem_max_bytes.wallclock,10,8192,0,0.00000,8192,8192,stable
mixed,counters,counters,native_mem_max_observed_total_bytes,10,24326159,15992,0.00066,24302357,24352989,stable
mixed,counters,counters,native_mem_post_flush_live_bytes.calltrace,10,3869979,2273,0.00059,3867456,3873536,stable
mixed,counters,counters,native_mem_post_flush_live_bytes.dictionary,10,6346896,0,0.00000,6346896,6346896,stable
mixed,counters,counters,native_mem_post_flush_live_bytes.jfr_buffers,10,1214176,0,0.00000,1214176,1214176,stable
mixed,counters,counters,native_mem_post_flush_live_bytes.line_tables,10,138291,3305,0.02390,134624,144192,stable
mixed,counters,counters,native_mem_post_flush_live_bytes.liveness,10,524288,0,0.00000,524288,524288,stable
mixed,counters,counters,native_mem_post_flush_live_bytes.method_map,10,433757,1868,0.00431,430656,436992,stable
mixed,counters,counters,native_mem_post_flush_live_bytes.misc,10,0,0,0.00000,0,0,stable
mixed,counters,counters,native_mem_post_flush_live_bytes.native_symbols,10,10317872,0,0.00000,10317872,10317872,stable
mixed,counters,counters,native_mem_post_flush_live_bytes.perf,10,0,0,0.00000,0,0,stable
mixed,counters,counters,native_mem_post_flush_live_bytes.thread_filter,10,40960,0,0.00000,40960,40960,stable
mixed,counters,counters,native_mem_post_flush_live_bytes.thread_info,10,2633,63,0.02402,2573,2693,stable
mixed,counters,counters,native_mem_post_flush_live_bytes.thread_local,10,57624,0,0.00000,57624,57624,stable
mixed,counters,counters,native_mem_post_flush_live_bytes.wallclock,10,8192,0,0.00000,8192,8192,stable
mixed,counters,counters,native_mem_post_flush_max_bytes.calltrace,10,6186667,26028,0.00421,6156440,6227208,stable
mixed,counters,counters,native_mem_post_flush_max_bytes.dictionary,10,6934739,1215,0.00018,6932885,6936940,stable
mixed,counters,counters,native_mem_post_flush_max_bytes.jfr_buffers,10,1214176,0,0.00000,1214176,1214176,stable
mixed,counters,counters,native_mem_post_flush_max_bytes.line_tables,10,138291,3305,0.02390,134624,144192,stable
mixed,counters,counters,native_mem_post_flush_max_bytes.liveness,10,524288,0,0.00000,524288,524288,stable
mixed,counters,counters,native_mem_post_flush_max_bytes.method_map,10,433757,1868,0.00431,430656,436992,stable
mixed,counters,counters,native_mem_post_flush_max_bytes.misc,10,0,0,0.00000,0,0,stable
mixed,counters,counters,native_mem_post_flush_max_bytes.native_symbols,10,10317872,0,0.00000,10317872,10317872,stable
mixed,counters,counters,native_mem_post_flush_max_bytes.perf,10,0,0,0.00000,0,0,stable
mixed,counters,counters,native_mem_post_flush_max_bytes.thread_filter,10,40960,0,0.00000,40960,40960,stable
mixed,counters,counters,native_mem_post_flush_max_bytes.thread_info,10,2633,63,0.02402,2573,2693,stable
mixed,counters,counters,native_mem_post_flush_max_bytes.thread_local,10,58424,0,0.00000,58424,58424,stable
mixed,counters,counters,native_mem_post_flush_max_bytes.wallclock,10,8192,0,0.00000,8192,8192,stable
mixed,counters,proc_kb,RssAnon,10,641327923,4755189,0.00741,632995840,650539008,stable
mixed,counters,proc_kb,RssFile,10,25947341,1970630,0.07595,25317376,31555584,noisy
mixed,counters,proc_kb,VmRSS,10,667275264,3860299,0.00579,663330816,675856384,stable
mixed,nmt,counters,native_mem_avg_bytes,10,23894131,21586,0.00090,23862337,23919389,stable
mixed,nmt,counters,native_mem_avg_bytes.calltrace,10,4709306,20867,0.00443,4681908,4733000,stable
mixed,nmt,counters,native_mem_avg_bytes.dictionary,10,6740112,0,0.00000,6740112,6740112,stable
mixed,nmt,counters,native_mem_avg_bytes.jfr_buffers,10,1214176,0,0.00000,1214176,1214176,stable
mixed,nmt,counters,native_mem_avg_bytes.line_tables,10,67961,2066,0.03039,65608,71296,stable
mixed,nmt,counters,native_mem_avg_bytes.liveness,10,524288,0,0.00000,524288,524288,stable
mixed,nmt,counters,native_mem_avg_bytes.method_map,10,215573,1712,0.00794,212112,217344,stable
mixed,nmt,counters,native_mem_avg_bytes.misc,10,0,0,0.00000,0,0,stable
mixed,nmt,counters,native_mem_avg_bytes.native_symbols,10,10317872,0,0.00000,10317872,10317872,stable
mixed,nmt,counters,native_mem_avg_bytes.perf,10,0,0,0.00000,0,0,stable
mixed,nmt,counters,native_mem_avg_bytes.thread_filter,10,40960,0,0.00000,40960,40960,stable
mixed,nmt,counters,native_mem_avg_bytes.thread_info,10,2163,25,0.01164,2141,2213,stable
mixed,nmt,counters,native_mem_avg_bytes.thread_local,10,57624,0,0.00000,57624,57624,stable
mixed,nmt,counters,native_mem_avg_bytes.wallclock,10,4096,0,0.00000,4096,4096,stable
mixed,nmt,counters,native_mem_chunk_overhead_bytes.calltrace,10,92693,2384,0.02572,89600,95664,stable
mixed,nmt,counters,native_mem_chunk_overhead_bytes.dictionary,10,36648,0,0.00000,36648,36648,stable
mixed,nmt,counters,native_mem_chunk_overhead_bytes.jfr_buffers,10,0,0,0.00000,0,0,stable
mixed,nmt,counters,native_mem_chunk_overhead_bytes.line_tables,10,0,0,0.00000,0,0,stable
mixed,nmt,counters,native_mem_chunk_overhead_bytes.liveness,10,0,0,0.00000,0,0,stable
mixed,nmt,counters,native_mem_chunk_overhead_bytes.method_map,10,71859,571,0.00795,70704,72448,stable
mixed,nmt,counters,native_mem_chunk_overhead_bytes.misc,10,0,0,0.00000,0,0,stable
mixed,nmt,counters,native_mem_chunk_overhead_bytes.native_symbols,10,964974,9,0.00001,964960,964992,stable
mixed,nmt,counters,native_mem_chunk_overhead_bytes.perf,10,0,0,0.00000,0,0,stable
mixed,nmt,counters,native_mem_chunk_overhead_bytes.thread_filter,10,0,0,0.00000,0,0,stable
mixed,nmt,counters,native_mem_chunk_overhead_bytes.thread_info,10,317,8,0.02440,312,328,stable
mixed,nmt,counters,native_mem_chunk_overhead_bytes.thread_local,10,0,0,0.00000,0,0,stable
mixed,nmt,counters,native_mem_chunk_overhead_bytes.wallclock,10,0,0,0.00000,0,0,stable
mixed,nmt,counters,native_mem_live_bytes,10,24323906,17578,0.00072,24290461,24348653,stable
mixed,nmt,counters,native_mem_live_bytes.calltrace,10,4466498,15469,0.00346,4441800,4486472,stable
mixed,nmt,counters,native_mem_live_bytes.dictionary,10,7133328,0,0.00000,7133328,7133328,stable
mixed,nmt,counters,native_mem_live_bytes.jfr_buffers,10,1214176,0,0.00000,1214176,1214176,stable
mixed,nmt,counters,native_mem_live_bytes.line_tables,10,135922,4131,0.03039,131216,142592,stable
mixed,nmt,counters,native_mem_live_bytes.liveness,10,524288,0,0.00000,524288,524288,stable
mixed,nmt,counters,native_mem_live_bytes.method_map,10,431146,3425,0.00794,424224,434688,stable
mixed,nmt,counters,native_mem_live_bytes.misc,10,0,0,0.00000,0,0,stable
mixed,nmt,counters,native_mem_live_bytes.native_symbols,10,10317872,0,0.00000,10317872,10317872,stable
mixed,nmt,counters,native_mem_live_bytes.perf,10,0,0,0.00000,0,0,stable
mixed,nmt,counters,native_mem_live_bytes.thread_filter,10,40960,0,0.00000,40960,40960,stable
mixed,nmt,counters,native_mem_live_bytes.thread_info,10,2093,0,0.00000,2093,2093,stable
mixed,nmt,counters,native_mem_live_bytes.thread_local,10,57624,0,0.00000,57624,57624,stable
mixed,nmt,counters,native_mem_live_bytes.wallclock,10,0,0,0.00000,0,0,stable
mixed,nmt,counters,native_mem_max_bytes,10,26054109,31139,0.00120,26008917,26092349,stable
mixed,nmt,counters,native_mem_max_bytes.calltrace,10,6187157,29544,0.00478,6148056,6222296,stable
mixed,nmt,counters,native_mem_max_bytes.dictionary,10,7133328,0,0.00000,7133328,7133328,stable
mixed,nmt,counters,native_mem_max_bytes.jfr_buffers,10,1214176,0,0.00000,1214176,1214176,stable
mixed,nmt,counters,native_mem_max_bytes.line_tables,10,135922,4131,0.03039,131216,142592,stable
mixed,nmt,counters,native_mem_max_bytes.liveness,10,524288,0,0.00000,524288,524288,stable
mixed,nmt,counters,native_mem_max_bytes.method_map,10,431146,3425,0.00794,424224,434688,stable
mixed,nmt,counters,native_mem_max_bytes.misc,10,0,0,0.00000,0,0,stable
mixed,nmt,counters,native_mem_max_bytes.native_symbols,10,10317872,0,0.00000,10317872,10317872,stable
mixed,nmt,counters,native_mem_max_bytes.perf,10,0,0,0.00000,0,0,stable
mixed,nmt,counters,native_mem_max_bytes.thread_filter,10,40960,0,0.00000,40960,40960,stable
mixed,nmt,counters,native_mem_max_bytes.thread_info,10,2645,84,0.03172,2573,2813,stable
mixed,nmt,counters,native_mem_max_bytes.thread_local,10,58424,0,0.00000,58424,58424,stable
mixed,nmt,counters,native_mem_max_bytes.wallclock,10,8192,0,0.00000,8192,8192,stable
mixed,nmt,counters,native_mem_max_observed_total_bytes,10,24323906,17578,0.00072,24290461,24348653,stable
mixed,nmt,counters,native_mem_post_flush_live_bytes.calltrace,10,3870010,2393,0.00062,3866976,3873088,stable
mixed,nmt,counters,native_mem_post_flush_live_bytes.dictionary,10,6346896,0,0.00000,6346896,6346896,stable
mixed,nmt,counters,native_mem_post_flush_live_bytes.jfr_buffers,10,1214176,0,0.00000,1214176,1214176,stable
mixed,nmt,counters,native_mem_post_flush_live_bytes.line_tables,10,135922,4131,0.03039,131216,142592,stable
mixed,nmt,counters,native_mem_post_flush_live_bytes.liveness,10,524288,0,0.00000,524288,524288,stable
mixed,nmt,counters,native_mem_post_flush_live_bytes.method_map,10,431146,3425,0.00794,424224,434688,stable
mixed,nmt,counters,native_mem_post_flush_live_bytes.misc,10,0,0,0.00000,0,0,stable
mixed,nmt,counters,native_mem_post_flush_live_bytes.native_symbols,10,10317872,0,0.00000,10317872,10317872,stable
mixed,nmt,counters,native_mem_post_flush_live_bytes.perf,10,0,0,0.00000,0,0,stable
mixed,nmt,counters,native_mem_post_flush_live_bytes.thread_filter,10,40960,0,0.00000,40960,40960,stable
mixed,nmt,counters,native_mem_post_flush_live_bytes.thread_info,10,2645,84,0.03172,2573,2813,stable
mixed,nmt,counters,native_mem_post_flush_live_bytes.thread_local,10,57624,0,0.00000,57624,57624,stable
mixed,nmt,counters,native_mem_post_flush_live_bytes.wallclock,10,8192,0,0.00000,8192,8192,stable
mixed,nmt,counters,native_mem_post_flush_max_bytes.calltrace,10,6187157,29544,0.00478,6148056,6222296,stable
mixed,nmt,counters,native_mem_post_flush_max_bytes.dictionary,10,6933678,1674,0.00024,6931054,6935687,stable
mixed,nmt,counters,native_mem_post_flush_max_bytes.jfr_buffers,10,1214176,0,0.00000,1214176,1214176,stable
mixed,nmt,counters,native_mem_post_flush_max_bytes.line_tables,10,135922,4131,0.03039,131216,142592,stable
mixed,nmt,counters,native_mem_post_flush_max_bytes.liveness,10,524288,0,0.00000,524288,524288,stable
mixed,nmt,counters,native_mem_post_flush_max_bytes.method_map,10,431146,3425,0.00794,424224,434688,stable
mixed,nmt,counters,native_mem_post_flush_max_bytes.misc,10,0,0,0.00000,0,0,stable
mixed,nmt,counters,native_mem_post_flush_max_bytes.native_symbols,10,10317872,0,0.00000,10317872,10317872,stable
mixed,nmt,counters,native_mem_post_flush_max_bytes.perf,10,0,0,0.00000,0,0,stable
mixed,nmt,counters,native_mem_post_flush_max_bytes.thread_filter,10,40960,0,0.00000,40960,40960,stable
mixed,nmt,counters,native_mem_post_flush_max_bytes.thread_info,10,2645,84,0.03172,2573,2813,stable
mixed,nmt,counters,native_mem_post_flush_max_bytes.thread_local,10,58424,0,0.00000,58424,58424,stable
mixed,nmt,counters,native_mem_post_flush_max_bytes.wallclock,10,8192,0,0.00000,8192,8192,stable
mixed,nmt,nmt_kb,arena_chunk,10,33792,0,0.00000,33792,33792,stable
mixed,nmt,nmt_kb,class,10,5119386,529,0.00010,5118976,5120000,stable
mixed,nmt,nmt_kb,code,10,21158298,48096,0.00227,21062656,21201920,stable
mixed,nmt,nmt_kb,compiler,10,193536,0,0.00000,193536,193536,stable
mixed,nmt,nmt_kb,gc,10,54249882,34703,0.00064,54209536,54307840,stable
mixed,nmt,nmt_kb,gccardset,10,118784,0,0.00000,118784,118784,stable
mixed,nmt,nmt_kb,internal,10,1946010,6480,0.00333,1937408,1955840,stable
mixed,nmt,nmt_kb,java_heap,10,536870912,0,0.00000,536870912,536870912,stable
mixed,nmt,nmt_kb,metaspace,10,12141568,0,0.00000,12141568,12141568,stable
mixed,nmt,nmt_kb,module,10,40960,0,0.00000,40960,40960,stable
mixed,nmt,nmt_kb,native_memory_tracking,10,1445274,4186,0.00290,1440768,1449984,stable
mixed,nmt,nmt_kb,safepoint,10,8192,0,0.00000,8192,8192,stable
mixed,nmt,nmt_kb,serviceability,10,17408,0,0.00000,17408,17408,stable
mixed,nmt,nmt_kb,string_deduplication,10,1024,0,0.00000,1024,1024,stable
mixed,nmt,nmt_kb,symbol,10,1671987,432,0.00026,1671168,1672192,stable
mixed,nmt,nmt_kb,synchronization,10,363520,0,0.00000,363520,363520,stable
mixed,nmt,nmt_kb,thread,10,1079706,1295,0.00120,1079296,1083392,stable
mixed,nmt,nmt_kb,total,10,649764557,68323,0.00011,649614336,649868288,stable
mixed,nmt,nmt_kb,unknown,10,0,0,0.00000,0,0,stable
mixed,nmt,proc_kb,RssAnon,10,642438758,1289264,0.00201,640258048,643719168,stable
mixed,nmt,proc_kb,RssFile,10,25330074,27878,0.00110,25313280,25382912,stable
mixed,nmt,proc_kb,VmRSS,10,667768832,1296120,0.00194,665575424,669036544,stable
mixed,noprof,nmt_kb,arena_chunk,3,1024,0,0.00000,1024,1024,stable
mixed,noprof,nmt_kb,class,3,4743851,591,0.00012,4743168,4744192,stable
mixed,noprof,nmt_kb,code,3,19328000,143897,0.00744,19214336,19489792,stable
mixed,noprof,nmt_kb,compiler,3,193536,0,0.00000,193536,193536,stable
mixed,noprof,nmt_kb,gc,3,54270293,55309,0.00102,54215680,54326272,stable
mixed,noprof,nmt_kb,gccardset,3,118784,0,0.00000,118784,118784,stable
mixed,noprof,nmt_kb,internal,3,1532928,0,0.00000,1532928,1532928,stable
mixed,noprof,nmt_kb,java_heap,3,536870912,0,0.00000,536870912,536870912,stable
mixed,noprof,nmt_kb,metaspace,3,11878400,0,0.00000,11878400,11878400,stable
mixed,noprof,nmt_kb,module,3,40960,0,0.00000,40960,40960,stable
mixed,noprof,nmt_kb,native_memory_tracking,3,1223339,7408,0.00606,1218560,1231872,stable
mixed,noprof,nmt_kb,safepoint,3,8192,0,0.00000,8192,8192,stable
mixed,noprof,nmt_kb,serviceability,3,17408,0,0.00000,17408,17408,stable
mixed,noprof,nmt_kb,string_deduplication,3,1024,0,0.00000,1024,1024,stable
mixed,noprof,nmt_kb,symbol,3,1649664,0,0.00000,1649664,1649664,stable
mixed,noprof,nmt_kb,synchronization,3,362496,0,0.00000,362496,362496,stable
mixed,noprof,nmt_kb,thread,3,1061888,0,0.00000,1061888,1061888,stable
mixed,noprof,nmt_kb,total,3,646607872,204936,0.00032,646434816,646834176,stable
mixed,noprof,nmt_kb,unknown,3,0,0,0.00000,0,0,stable
mixed,noprof,proc_kb,RssAnon,3,615418539,4272476,0.00694,612651008,620339200,stable
mixed,noprof,proc_kb,RssFile,3,21080747,9459,0.00045,21069824,21086208,stable
mixed,noprof,proc_kb,VmRSS,3,636499285,4276613,0.00672,633737216,641425408,stable
threads,counters,counters,native_mem_avg_bytes,10,20317565,1860,0.00009,20315279,20321751,stable
threads,counters,counters,native_mem_avg_bytes.calltrace,10,3716862,352,0.00009,3716152,3717232,stable
threads,counters,counters,native_mem_avg_bytes.dictionary,10,4774032,0,0.00000,4774032,4774032,stable
threads,counters,counters,native_mem_avg_bytes.jfr_buffers,10,1214176,0,0.00000,1214176,1214176,stable
threads,counters,counters,native_mem_avg_bytes.line_tables,10,1344,1375,1.02300,536,4280,stable
threads,counters,counters,native_mem_avg_bytes.liveness,10,0,0,0.00000,0,0,stable
threads,counters,counters,native_mem_avg_bytes.method_map,10,2064,530,0.25663,1296,3024,stable
threads,counters,counters,native_mem_avg_bytes.misc,10,0,0,0.00000,0,0,stable
threads,counters,counters,native_mem_avg_bytes.native_symbols,10,10317872,0,0.00000,10317872,10317872,stable
threads,counters,counters,native_mem_avg_bytes.perf,10,0,0,0.00000,0,0,stable
threads,counters,counters,native_mem_avg_bytes.thread_filter,10,40960,0,0.00000,40960,40960,stable
threads,counters,counters,native_mem_avg_bytes.thread_info,10,29735,0,0.00000,29735,29735,stable
threads,counters,counters,native_mem_avg_bytes.thread_local,10,216424,0,0.00000,216424,216424,stable
threads,counters,counters,native_mem_avg_bytes.wallclock,10,4096,0,0.00000,4096,4096,stable
threads,counters,counters,native_mem_chunk_overhead_bytes.calltrace,10,414,61,0.14725,320,496,stable
threads,counters,counters,native_mem_chunk_overhead_bytes.dictionary,10,36648,0,0.00000,36648,36648,stable
threads,counters,counters,native_mem_chunk_overhead_bytes.jfr_buffers,10,0,0,0.00000,0,0,stable
threads,counters,counters,native_mem_chunk_overhead_bytes.line_tables,10,0,0,0.00000,0,0,stable
threads,counters,counters,native_mem_chunk_overhead_bytes.liveness,10,0,0,0.00000,0,0,stable
threads,counters,counters,native_mem_chunk_overhead_bytes.method_map,10,698,176,0.25176,448,1008,stable
threads,counters,counters,native_mem_chunk_overhead_bytes.misc,10,0,0,0.00000,0,0,stable
threads,counters,counters,native_mem_chunk_overhead_bytes.native_symbols,10,964974,5,0.00001,964960,964976,stable
threads,counters,counters,native_mem_chunk_overhead_bytes.perf,10,0,0,0.00000,0,0,stable
threads,counters,counters,native_mem_chunk_overhead_bytes.thread_filter,10,0,0,0.00000,0,0,stable
threads,counters,counters,native_mem_chunk_overhead_bytes.thread_info,10,5224,14,0.00260,5200,5232,stable
threads,counters,counters,native_mem_chunk_overhead_bytes.thread_local,10,0,0,0.00000,0,0,stable
threads,counters,counters,native_mem_chunk_overhead_bytes.wallclock,10,0,0,0.00000,0,0,stable
threads,counters,counters,native_mem_live_bytes,10,20315935,3723,0.00018,20312135,20324055,stable
threads,counters,counters,native_mem_live_bytes.calltrace,10,3716392,319,0.00009,3715744,3716832,stable
threads,counters,counters,native_mem_live_bytes.dictionary,10,4774032,0,0.00000,4774032,4774032,stable
threads,counters,counters,native_mem_live_bytes.jfr_buffers,10,1214176,0,0.00000,1214176,1214176,stable
threads,counters,counters,native_mem_live_bytes.line_tables,10,2688,2750,1.02300,1072,8560,stable
threads,counters,counters,native_mem_live_bytes.liveness,10,0,0,0.00000,0,0,stable
threads,counters,counters,native_mem_live_bytes.method_map,10,4128,1059,0.25663,2592,6048,stable
threads,counters,counters,native_mem_live_bytes.misc,10,0,0,0.00000,0,0,stable
threads,counters,counters,native_mem_live_bytes.native_symbols,10,10317872,0,0.00000,10317872,10317872,stable
threads,counters,counters,native_mem_live_bytes.perf,10,0,0,0.00000,0,0,stable
threads,counters,counters,native_mem_live_bytes.thread_filter,10,40960,0,0.00000,40960,40960,stable
threads,counters,counters,native_mem_live_bytes.thread_info,10,29663,0,0.00000,29663,29663,stable
threads,counters,counters,native_mem_live_bytes.thread_local,10,216024,0,0.00000,216024,216024,stable
threads,counters,counters,native_mem_live_bytes.wallclock,10,0,0,0.00000,0,0,stable
threads,counters,counters,native_mem_max_bytes,10,21389205,4851,0.00023,21384031,21399929,stable
threads,counters,counters,native_mem_max_bytes.calltrace,10,4770402,530,0.00011,4769552,4770976,stable
threads,counters,counters,native_mem_max_bytes.dictionary,10,4784156,1320,0.00028,4782984,4786834,stable
threads,counters,counters,native_mem_max_bytes.jfr_buffers,10,1214176,0,0.00000,1214176,1214176,stable
threads,counters,counters,native_mem_max_bytes.line_tables,10,2688,2750,1.02300,1072,8560,stable
threads,counters,counters,native_mem_max_bytes.liveness,10,0,0,0.00000,0,0,stable
threads,counters,counters,native_mem_max_bytes.method_map,10,4128,1059,0.25663,2592,6048,stable
threads,counters,counters,native_mem_max_bytes.misc,10,0,0,0.00000,0,0,stable
threads,counters,counters,native_mem_max_bytes.native_symbols,10,10317872,0,0.00000,10317872,10317872,stable
threads,counters,counters,native_mem_max_bytes.perf,10,0,0,0.00000,0,0,stable
threads,counters,counters,native_mem_max_bytes.thread_filter,10,40960,0,0.00000,40960,40960,stable
threads,counters,counters,native_mem_max_bytes.thread_info,10,29807,0,0.00000,29807,29807,stable
threads,counters,counters,native_mem_max_bytes.thread_local,10,216824,0,0.00000,216824,216824,stable
threads,counters,counters,native_mem_max_bytes.wallclock,10,8192,0,0.00000,8192,8192,stable
threads,counters,counters,native_mem_max_observed_total_bytes,10,20319881,1598,0.00008,20318423,20324055,stable
threads,counters,counters,native_mem_post_flush_live_bytes.calltrace,10,3714382,61,0.00002,3714288,3714464,stable
threads,counters,counters,native_mem_post_flush_live_bytes.dictionary,10,4774032,0,0.00000,4774032,4774032,stable
threads,counters,counters,native_mem_post_flush_live_bytes.jfr_buffers,10,1214176,0,0.00000,1214176,1214176,stable
threads,counters,counters,native_mem_post_flush_live_bytes.line_tables,10,2688,2750,1.02300,1072,8560,stable
threads,counters,counters,native_mem_post_flush_live_bytes.liveness,10,0,0,0.00000,0,0,stable
threads,counters,counters,native_mem_post_flush_live_bytes.method_map,10,4128,1059,0.25663,2592,6048,stable
threads,counters,counters,native_mem_post_flush_live_bytes.misc,10,0,0,0.00000,0,0,stable
threads,counters,counters,native_mem_post_flush_live_bytes.native_symbols,10,10317872,0,0.00000,10317872,10317872,stable
threads,counters,counters,native_mem_post_flush_live_bytes.perf,10,0,0,0.00000,0,0,stable
threads,counters,counters,native_mem_post_flush_live_bytes.thread_filter,10,40960,0,0.00000,40960,40960,stable
threads,counters,counters,native_mem_post_flush_live_bytes.thread_info,10,29807,0,0.00000,29807,29807,stable
threads,counters,counters,native_mem_post_flush_live_bytes.thread_local,10,216824,0,0.00000,216824,216824,stable
threads,counters,counters,native_mem_post_flush_live_bytes.wallclock,10,8192,0,0.00000,8192,8192,stable
threads,counters,counters,native_mem_post_flush_max_bytes.calltrace,10,4770402,530,0.00011,4769552,4770976,stable
threads,counters,counters,native_mem_post_flush_max_bytes.dictionary,10,4784156,1320,0.00028,4782984,4786834,stable
threads,counters,counters,native_mem_post_flush_max_bytes.jfr_buffers,10,1214176,0,0.00000,1214176,1214176,stable
threads,counters,counters,native_mem_post_flush_max_bytes.line_tables,10,2688,2750,1.02300,1072,8560,stable
threads,counters,counters,native_mem_post_flush_max_bytes.liveness,10,0,0,0.00000,0,0,stable
threads,counters,counters,native_mem_post_flush_max_bytes.method_map,10,4128,1059,0.25663,2592,6048,stable
threads,counters,counters,native_mem_post_flush_max_bytes.misc,10,0,0,0.00000,0,0,stable
threads,counters,counters,native_mem_post_flush_max_bytes.native_symbols,10,10317872,0,0.00000,10317872,10317872,stable
threads,counters,counters,native_mem_post_flush_max_bytes.perf,10,0,0,0.00000,0,0,stable
threads,counters,counters,native_mem_post_flush_max_bytes.thread_filter,10,40960,0,0.00000,40960,40960,stable
threads,counters,counters,native_mem_post_flush_max_bytes.thread_info,10,29807,0,0.00000,29807,29807,stable
threads,counters,counters,native_mem_post_flush_max_bytes.thread_local,10,216824,0,0.00000,216824,216824,stable
threads,counters,counters,native_mem_post_flush_max_bytes.wallclock,10,8192,0,0.00000,8192,8192,stable
threads,counters,proc_kb,RssAnon,10,612992614,84721,0.00014,612900864,613183488,stable
threads,counters,proc_kb,RssFile,10,25130598,19615,0.00078,25120768,25186304,stable
threads,counters,proc_kb,VmRSS,10,638123213,79654,0.00012,638025728,638308352,stable
threads,nmt,counters,native_mem_avg_bytes,10,20320657,2802,0.00014,20317203,20325075,stable
threads,nmt,counters,native_mem_avg_bytes.calltrace,10,3717038,330,0.00009,3716424,3717648,stable
threads,nmt,counters,native_mem_avg_bytes.dictionary,10,4774032,0,0.00000,4774032,4774032,stable
threads,nmt,counters,native_mem_avg_bytes.jfr_buffers,10,1214176,0,0.00000,1214176,1214176,stable
threads,nmt,counters,native_mem_avg_bytes.line_tables,10,3166,1959,0.61872,520,5688,stable
threads,nmt,counters,native_mem_avg_bytes.liveness,10,0,0,0.00000,0,0,stable
threads,nmt,counters,native_mem_avg_bytes.method_map,10,2698,740,0.27422,1968,4176,stable
threads,nmt,counters,native_mem_avg_bytes.misc,10,0,0,0.00000,0,0,stable
threads,nmt,counters,native_mem_avg_bytes.native_symbols,10,10317872,0,0.00000,10317872,10317872,stable
threads,nmt,counters,native_mem_avg_bytes.perf,10,0,0,0.00000,0,0,stable
threads,nmt,counters,native_mem_avg_bytes.thread_filter,10,40960,0,0.00000,40960,40960,stable
threads,nmt,counters,native_mem_avg_bytes.thread_info,10,29795,0,0.00000,29795,29795,stable
threads,nmt,counters,native_mem_avg_bytes.thread_local,10,216824,0,0.00000,216824,216824,stable
threads,nmt,counters,native_mem_avg_bytes.wallclock,10,4096,0,0.00000,4096,4096,stable
threads,nmt,counters,native_mem_chunk_overhead_bytes.calltrace,10,411,45,0.11013,352,496,stable
threads,nmt,counters,native_mem_chunk_overhead_bytes.dictionary,10,36648,0,0.00000,36648,36648,stable
threads,nmt,counters,native_mem_chunk_overhead_bytes.jfr_buffers,10,0,0,0.00000,0,0,stable
threads,nmt,counters,native_mem_chunk_overhead_bytes.line_tables,10,0,0,0.00000,0,0,stable
threads,nmt,counters,native_mem_chunk_overhead_bytes.liveness,10,0,0,0.00000,0,0,stable
threads,nmt,counters,native_mem_chunk_overhead_bytes.method_map,10,915,242,0.26460,656,1408,stable
threads,nmt,counters,native_mem_chunk_overhead_bytes.misc,10,0,0,0.00000,0,0,stable
threads,nmt,counters,native_mem_chunk_overhead_bytes.native_symbols,10,964957,10,0.00001,964944,964976,stable
threads,nmt,counters,native_mem_chunk_overhead_bytes.perf,10,0,0,0.00000,0,0,stable
threads,nmt,counters,native_mem_chunk_overhead_bytes.thread_filter,10,0,0,0.00000,0,0,stable
threads,nmt,counters,native_mem_chunk_overhead_bytes.thread_info,10,5184,74,0.01420,5144,5352,stable
threads,nmt,counters,native_mem_chunk_overhead_bytes.thread_local,10,0,0,0.00000,0,0,stable
threads,nmt,counters,native_mem_chunk_overhead_bytes.wallclock,10,0,0,0.00000,0,0,stable
threads,nmt,counters,native_mem_live_bytes,10,20321898,5283,0.00026,20315071,20329631,stable
threads,nmt,counters,native_mem_live_bytes.calltrace,10,3716523,268,0.00007,3715920,3716880,stable
threads,nmt,counters,native_mem_live_bytes.dictionary,10,4774032,0,0.00000,4774032,4774032,stable
threads,nmt,counters,native_mem_live_bytes.jfr_buffers,10,1214176,0,0.00000,1214176,1214176,stable
threads,nmt,counters,native_mem_live_bytes.line_tables,10,6333,3918,0.61872,1040,11376,stable
threads,nmt,counters,native_mem_live_bytes.liveness,10,0,0,0.00000,0,0,stable
threads,nmt,counters,native_mem_live_bytes.method_map,10,5395,1479,0.27422,3936,8352,stable
threads,nmt,counters,native_mem_live_bytes.misc,10,0,0,0.00000,0,0,stable
threads,nmt,counters,native_mem_live_bytes.native_symbols,10,10317872,0,0.00000,10317872,10317872,stable
threads,nmt,counters,native_mem_live_bytes.perf,10,0,0,0.00000,0,0,stable
threads,nmt,counters,native_mem_live_bytes.thread_filter,10,40960,0,0.00000,40960,40960,stable
threads,nmt,counters,native_mem_live_bytes.thread_info,10,29783,0,0.00000,29783,29783,stable
threads,nmt,counters,native_mem_live_bytes.thread_local,10,216824,0,0.00000,216824,216824,stable
threads,nmt,counters,native_mem_live_bytes.wallclock,10,0,0,0.00000,0,0,stable
threads,nmt,counters,native_mem_max_bytes,10,21397804,8766,0.00041,21386684,21411209,stable
threads,nmt,counters,native_mem_max_bytes.calltrace,10,4770621,547,0.00011,4769936,4771808,stable
threads,nmt,counters,native_mem_max_bytes.dictionary,10,4787624,3464,0.00072,4783349,4792226,stable
threads,nmt,counters,native_mem_max_bytes.jfr_buffers,10,1214176,0,0.00000,1214176,1214176,stable
threads,nmt,counters,native_mem_max_bytes.line_tables,10,6333,3918,0.61872,1040,11376,stable
threads,nmt,counters,native_mem_max_bytes.liveness,10,0,0,0.00000,0,0,stable
threads,nmt,counters,native_mem_max_bytes.method_map,10,5395,1479,0.27422,3936,8352,stable
threads,nmt,counters,native_mem_max_bytes.misc,10,0,0,0.00000,0,0,stable
threads,nmt,counters,native_mem_max_bytes.native_symbols,10,10317872,0,0.00000,10317872,10317872,stable
threads,nmt,counters,native_mem_max_bytes.perf,10,0,0,0.00000,0,0,stable
threads,nmt,counters,native_mem_max_bytes.thread_filter,10,40960,0,0.00000,40960,40960,stable
threads,nmt,counters,native_mem_max_bytes.thread_info,10,29807,0,0.00000,29807,29807,stable
threads,nmt,counters,native_mem_max_bytes.thread_local,10,216824,0,0.00000,216824,216824,stable
threads,nmt,counters,native_mem_max_bytes.wallclock,10,8192,0,0.00000,8192,8192,stable
threads,nmt,counters,native_mem_max_observed_total_bytes,10,20323112,3704,0.00018,20319159,20329631,stable
threads,nmt,counters,native_mem_post_flush_live_bytes.calltrace,10,3714379,45,0.00001,3714320,3714464,stable
threads,nmt,counters,native_mem_post_flush_live_bytes.dictionary,10,4774032,0,0.00000,4774032,4774032,stable
threads,nmt,counters,native_mem_post_flush_live_bytes.jfr_buffers,10,1214176,0,0.00000,1214176,1214176,stable
threads,nmt,counters,native_mem_post_flush_live_bytes.line_tables,10,6333,3918,0.61872,1040,11376,stable
threads,nmt,counters,native_mem_post_flush_live_bytes.liveness,10,0,0,0.00000,0,0,stable
threads,nmt,counters,native_mem_post_flush_live_bytes.method_map,10,5395,1479,0.27422,3936,8352,stable
threads,nmt,counters,native_mem_post_flush_live_bytes.misc,10,0,0,0.00000,0,0,stable
threads,nmt,counters,native_mem_post_flush_live_bytes.native_symbols,10,10317872,0,0.00000,10317872,10317872,stable
threads,nmt,counters,native_mem_post_flush_live_bytes.perf,10,0,0,0.00000,0,0,stable
threads,nmt,counters,native_mem_post_flush_live_bytes.thread_filter,10,40960,0,0.00000,40960,40960,stable
threads,nmt,counters,native_mem_post_flush_live_bytes.thread_info,10,29807,0,0.00000,29807,29807,stable
threads,nmt,counters,native_mem_post_flush_live_bytes.thread_local,10,216824,0,0.00000,216824,216824,stable
threads,nmt,counters,native_mem_post_flush_live_bytes.wallclock,10,8192,0,0.00000,8192,8192,stable
threads,nmt,counters,native_mem_post_flush_max_bytes.calltrace,10,4770621,547,0.00011,4769936,4771808,stable
threads,nmt,counters,native_mem_post_flush_max_bytes.dictionary,10,4787624,3464,0.00072,4783349,4792226,stable
threads,nmt,counters,native_mem_post_flush_max_bytes.jfr_buffers,10,1214176,0,0.00000,1214176,1214176,stable
threads,nmt,counters,native_mem_post_flush_max_bytes.line_tables,10,6333,3918,0.61872,1040,11376,stable
threads,nmt,counters,native_mem_post_flush_max_bytes.liveness,10,0,0,0.00000,0,0,stable
threads,nmt,counters,native_mem_post_flush_max_bytes.method_map,10,5395,1479,0.27422,3936,8352,stable
threads,nmt,counters,native_mem_post_flush_max_bytes.misc,10,0,0,0.00000,0,0,stable
threads,nmt,counters,native_mem_post_flush_max_bytes.native_symbols,10,10317872,0,0.00000,10317872,10317872,stable
threads,nmt,counters,native_mem_post_flush_max_bytes.perf,10,0,0,0.00000,0,0,stable
threads,nmt,counters,native_mem_post_flush_max_bytes.thread_filter,10,40960,0,0.00000,40960,40960,stable
threads,nmt,counters,native_mem_post_flush_max_bytes.thread_info,10,29807,0,0.00000,29807,29807,stable
threads,nmt,counters,native_mem_post_flush_max_bytes.thread_local,10,216824,0,0.00000,216824,216824,stable
threads,nmt,counters,native_mem_post_flush_max_bytes.wallclock,10,8192,0,0.00000,8192,8192,stable
threads,nmt,nmt_kb,arena_chunk,10,7168,0,0.00000,7168,7168,stable
threads,nmt,nmt_kb,class,10,401408,0,0.00000,401408,401408,stable
threads,nmt,nmt_kb,code,10,7795917,808,0.00010,7794688,7796736,stable
threads,nmt,nmt_kb,compiler,10,453120,47570,0.10498,382976,519168,stable
threads,nmt,nmt_kb,gc,10,53705728,0,0.00000,53705728,53705728,stable
threads,nmt,nmt_kb,gccardset,10,118784,0,0.00000,118784,118784,stable
threads,nmt,nmt_kb,internal,10,1796608,3778,0.00210,1790976,1801216,stable
threads,nmt,nmt_kb,java_heap,10,536870912,0,0.00000,536870912,536870912,stable
threads,nmt,nmt_kb,metaspace,10,603136,0,0.00000,603136,603136,stable
threads,nmt,nmt_kb,module,10,39936,0,0.00000,39936,39936,stable
threads,nmt,nmt_kb,native_memory_tracking,10,389530,989,0.00254,388096,391168,stable
threads,nmt,nmt_kb,object_monitors,5,819,458,0.55902,0,1024,stable
threads,nmt,nmt_kb,safepoint,10,8192,0,0.00000,8192,8192,stable
threads,nmt,nmt_kb,serviceability,10,19456,0,0.00000,19456,19456,stable
threads,nmt,nmt_kb,string_deduplication,10,1024,0,0.00000,1024,1024,stable
threads,nmt,nmt_kb,symbol,10,1187840,0,0.00000,1187840,1187840,stable
threads,nmt,nmt_kb,synchronization,10,149504,0,0.00000,149504,149504,stable
threads,nmt,nmt_kb,thread,10,23852442,3454,0.00014,23849984,23858176,stable
threads,nmt,nmt_kb,total,10,640707891,49551,0.00008,640636928,640777216,stable
threads,nmt,nmt_kb,unknown,10,0,0,0.00000,0,0,stable
threads,nmt,proc_kb,RssAnon,10,613553357,61759,0.00010,613474304,613634048,stable
threads,nmt,proc_kb,RssFile,10,25125274,2325,0.00009,25120768,25128960,stable
threads,nmt,proc_kb,VmRSS,10,638678630,61884,0.00010,638599168,638763008,stable
threads,noprof,nmt_kb,arena_chunk,3,7168,0,0.00000,7168,7168,stable
threads,noprof,nmt_kb,class,3,284672,0,0.00000,284672,284672,stable
threads,noprof,nmt_kb,code,3,7788885,591,0.00008,7788544,7789568,stable
threads,noprof,nmt_kb,compiler,3,506539,40977,0.08090,464896,546816,stable
threads,noprof,nmt_kb,gc,3,53707776,0,0.00000,53707776,53707776,stable
threads,noprof,nmt_kb,gccardset,3,118784,0,0.00000,118784,118784,stable
threads,noprof,nmt_kb,internal,3,1636693,591,0.00036,1636352,1637376,stable
threads,noprof,nmt_kb,java_heap,3,536870912,0,0.00000,536870912,536870912,stable
threads,noprof,nmt_kb,metaspace,3,406528,0,0.00000,406528,406528,stable
threads,noprof,nmt_kb,module,3,39936,0,0.00000,39936,39936,stable
threads,noprof,nmt_kb,native_memory_tracking,3,345429,591,0.00171,345088,346112,stable
threads,noprof,nmt_kb,object_monitors,1,1024,0,0.00000,1024,1024,stable
threads,noprof,nmt_kb,safepoint,3,8192,0,0.00000,8192,8192,stable
threads,noprof,nmt_kb,serviceability,3,17408,0,0.00000,17408,17408,stable
threads,noprof,nmt_kb,string_deduplication,3,1024,0,0.00000,1024,1024,stable
threads,noprof,nmt_kb,symbol,3,1173504,0,0.00000,1173504,1173504,stable
threads,noprof,nmt_kb,synchronization,3,148480,0,0.00000,148480,148480,stable
threads,noprof,nmt_kb,thread,3,23271424,34996,0.00150,23234560,23304192,stable
threads,noprof,nmt_kb,total,3,639638528,77439,0.00012,639558656,639713280,stable
threads,noprof,nmt_kb,unknown,3,0,0,0.00000,0,0,stable
threads,noprof,proc_kb,RssAnon,3,594534400,44305,0.00007,594485248,594571264,stable
threads,noprof,proc_kb,RssFile,3,20515499,33360,0.00163,20492288,20553728,stable
threads,noprof,proc_kb,VmRSS,3,615049899,70272,0.00011,614985728,615124992,stable
traces,counters,counters,native_mem_avg_bytes,10,21055587,47085,0.00224,20984497,21092125,stable
traces,counters,counters,native_mem_avg_bytes.calltrace,10,4408085,37428,0.00849,4352936,4436552,stable
traces,counters,counters,native_mem_avg_bytes.dictionary,10,4774032,0,0.00000,4774032,4774032,stable
traces,counters,counters,native_mem_avg_bytes.jfr_buffers,10,1214176,0,0.00000,1214176,1214176,stable
traces,counters,counters,native_mem_avg_bytes.line_tables,10,46838,3087,0.06592,43120,50856,stable
traces,counters,counters,native_mem_avg_bytes.liveness,10,0,0,0.00000,0,0,stable
traces,counters,counters,native_mem_avg_bytes.method_map,10,190085,7668,0.04034,177168,197712,stable
traces,counters,counters,native_mem_avg_bytes.misc,10,0,0,0.00000,0,0,stable
traces,counters,counters,native_mem_avg_bytes.native_symbols,10,10317872,0,0.00000,10317872,10317872,stable
traces,counters,counters,native_mem_avg_bytes.perf,10,0,0,0.00000,0,0,stable
traces,counters,counters,native_mem_avg_bytes.thread_filter,10,40960,0,0.00000,40960,40960,stable
traces,counters,counters,native_mem_avg_bytes.thread_info,10,2419,57,0.02347,2333,2549,stable
traces,counters,counters,native_mem_avg_bytes.thread_local,10,57024,283,0.00496,56424,57224,stable
traces,counters,counters,native_mem_avg_bytes.wallclock,10,4096,0,0.00000,4096,4096,stable
traces,counters,counters,native_mem_chunk_overhead_bytes.calltrace,10,50939,2575,0.05054,46912,52928,stable
traces,counters,counters,native_mem_chunk_overhead_bytes.dictionary,10,36648,0,0.00000,36648,36648,stable
traces,counters,counters,native_mem_chunk_overhead_bytes.jfr_buffers,10,0,0,0.00000,0,0,stable
traces,counters,counters,native_mem_chunk_overhead_bytes.line_tables,10,0,0,0.00000,0,0,stable
traces,counters,counters,native_mem_chunk_overhead_bytes.liveness,10,0,0,0.00000,0,0,stable
traces,counters,counters,native_mem_chunk_overhead_bytes.method_map,10,63362,2556,0.04034,59056,65904,stable
traces,counters,counters,native_mem_chunk_overhead_bytes.misc,10,0,0,0.00000,0,0,stable
traces,counters,counters,native_mem_chunk_overhead_bytes.native_symbols,10,964976,0,0.00000,964976,964976,stable
traces,counters,counters,native_mem_chunk_overhead_bytes.perf,10,0,0,0.00000,0,0,stable
traces,counters,counters,native_mem_chunk_overhead_bytes.thread_filter,10,0,0,0.00000,0,0,stable
traces,counters,counters,native_mem_chunk_overhead_bytes.thread_info,10,369,17,0.04736,344,392,stable
traces,counters,counters,native_mem_chunk_overhead_bytes.thread_local,10,0,0,0.00000,0,0,stable
traces,counters,counters,native_mem_chunk_overhead_bytes.wallclock,10,0,0,0.00000,0,0,stable
traces,counters,counters,native_mem_live_bytes,10,21274422,60685,0.00285,21185493,21325013,stable
traces,counters,counters,native_mem_live_bytes.calltrace,10,4394418,41180,0.00937,4333136,4429056,stable
traces,counters,counters,native_mem_live_bytes.dictionary,10,4774032,0,0.00000,4774032,4774032,stable
traces,counters,counters,native_mem_live_bytes.jfr_buffers,10,1214176,0,0.00000,1214176,1214176,stable
traces,counters,counters,native_mem_live_bytes.line_tables,10,93675,6175,0.06592,86240,101712,stable
traces,counters,counters,native_mem_live_bytes.liveness,10,0,0,0.00000,0,0,stable
traces,counters,counters,native_mem_live_bytes.method_map,10,380170,15336,0.04034,354336,395424,stable
traces,counters,counters,native_mem_live_bytes.misc,10,0,0,0.00000,0,0,stable
traces,counters,counters,native_mem_live_bytes.native_symbols,10,10317872,0,0.00000,10317872,10317872,stable
traces,counters,counters,native_mem_live_bytes.perf,10,0,0,0.00000,0,0,stable
traces,counters,counters,native_mem_live_bytes.thread_filter,10,40960,0,0.00000,40960,40960,stable
traces,counters,counters,native_mem_live_bytes.thread_info,10,2455,90,0.03670,2333,2549,stable
traces,counters,counters,native_mem_live_bytes.thread_local,10,56664,337,0.00595,56024,56824,stable
traces,counters,counters,native_mem_live_bytes.wallclock,10,0,0,0.00000,0,0,stable
traces,counters,counters,native_mem_max_bytes,10,23001008,54802,0.00238,22913709,23044797,stable
traces,counters,counters,native_mem_max_bytes.calltrace,10,5555088,33800,0.00608,5501576,5580296,stable
traces,counters,counters,native_mem_max_bytes.dictionary,10,5330767,2187,0.00041,5328584,5335586,stable
traces,counters,counters,native_mem_max_bytes.jfr_buffers,10,1214176,0,0.00000,1214176,1214176,stable
traces,counters,counters,native_mem_max_bytes.line_tables,10,93675,6175,0.06592,86240,101712,stable
traces,counters,counters,native_mem_max_bytes.liveness,10,0,0,0.00000,0,0,stable
traces,counters,counters,native_mem_max_bytes.method_map,10,380170,15336,0.04034,354336,395424,stable
traces,counters,counters,native_mem_max_bytes.misc,10,0,0,0.00000,0,0,stable
traces,counters,counters,native_mem_max_bytes.native_symbols,10,10317872,0,0.00000,10317872,10317872,stable
traces,counters,counters,native_mem_max_bytes.perf,10,0,0,0.00000,0,0,stable
traces,counters,counters,native_mem_max_bytes.thread_filter,10,40960,0,0.00000,40960,40960,stable
traces,counters,counters,native_mem_max_bytes.thread_info,10,2484,63,0.02538,2333,2549,stable
traces,counters,counters,native_mem_max_bytes.thread_local,10,57624,0,0.00000,57624,57624,stable
traces,counters,counters,native_mem_max_bytes.wallclock,10,8192,0,0.00000,8192,8192,stable
traces,counters,counters,native_mem_max_observed_total_bytes,10,21274422,60685,0.00285,21185493,21325013,stable
traces,counters,counters,native_mem_post_flush_live_bytes.calltrace,10,3790491,2575,0.00068,3786464,3792480,stable
traces,counters,counters,native_mem_post_flush_live_bytes.dictionary,10,4774032,0,0.00000,4774032,4774032,stable
traces,counters,counters,native_mem_post_flush_live_bytes.jfr_buffers,10,1214176,0,0.00000,1214176,1214176,stable
traces,counters,counters,native_mem_post_flush_live_bytes.line_tables,10,93675,6175,0.06592,86240,101712,stable
traces,counters,counters,native_mem_post_flush_live_bytes.liveness,10,0,0,0.00000,0,0,stable
traces,counters,counters,native_mem_post_flush_live_bytes.method_map,10,380170,15336,0.04034,354336,395424,stable
traces,counters,counters,native_mem_post_flush_live_bytes.misc,10,0,0,0.00000,0,0,stable
traces,counters,counters,native_mem_post_flush_live_bytes.native_symbols,10,10317872,0,0.00000,10317872,10317872,stable
traces,counters,counters,native_mem_post_flush_live_bytes.perf,10,0,0,0.00000,0,0,stable
traces,counters,counters,native_mem_post_flush_live_bytes.thread_filter,10,40960,0,0.00000,40960,40960,stable
traces,counters,counters,native_mem_post_flush_live_bytes.thread_info,10,2383,90,0.03781,2261,2549,stable
traces,counters,counters,native_mem_post_flush_live_bytes.thread_local,10,57304,413,0.00721,56824,57624,stable
traces,counters,counters,native_mem_post_flush_live_bytes.wallclock,10,8192,0,0.00000,8192,8192,stable
traces,counters,counters,native_mem_post_flush_max_bytes.calltrace,10,5555088,33800,0.00608,5501576,5580296,stable
traces,counters,counters,native_mem_post_flush_max_bytes.dictionary,10,5330767,2187,0.00041,5328584,5335586,stable
traces,counters,counters,native_mem_post_flush_max_bytes.jfr_buffers,10,1214176,0,0.00000,1214176,1214176,stable
traces,counters,counters,native_mem_post_flush_max_bytes.line_tables,10,93675,6175,0.06592,86240,101712,stable
traces,counters,counters,native_mem_post_flush_max_bytes.liveness,10,0,0,0.00000,0,0,stable
traces,counters,counters,native_mem_post_flush_max_bytes.method_map,10,380170,15336,0.04034,354336,395424,stable
traces,counters,counters,native_mem_post_flush_max_bytes.misc,10,0,0,0.00000,0,0,stable
traces,counters,counters,native_mem_post_flush_max_bytes.native_symbols,10,10317872,0,0.00000,10317872,10317872,stable
traces,counters,counters,native_mem_post_flush_max_bytes.perf,10,0,0,0.00000,0,0,stable
traces,counters,counters,native_mem_post_flush_max_bytes.thread_filter,10,40960,0,0.00000,40960,40960,stable
traces,counters,counters,native_mem_post_flush_max_bytes.thread_info,10,2383,90,0.03781,2261,2549,stable
traces,counters,counters,native_mem_post_flush_max_bytes.thread_local,10,57624,0,0.00000,57624,57624,stable
traces,counters,counters,native_mem_post_flush_max_bytes.wallclock,10,8192,0,0.00000,8192,8192,stable
traces,counters,proc_kb,RssAnon,10,701725491,3987534,0.00568,692297728,706228224,stable
traces,counters,proc_kb,RssFile,10,25268224,1931,0.00008,25264128,25272320,stable
traces,counters,proc_kb,VmRSS,10,726993715,3987064,0.00548,717565952,731496448,stable
traces,nmt,counters,native_mem_avg_bytes,10,21054508,42008,0.00200,20983093,21095073,stable
traces,nmt,counters,native_mem_avg_bytes.calltrace,10,4408506,35868,0.00814,4351696,4436344,stable
traces,nmt,counters,native_mem_avg_bytes.dictionary,10,4774954,2914,0.00061,4774032,4783248,stable
traces,nmt,counters,native_mem_avg_bytes.jfr_buffers,10,1214176,0,0.00000,1214176,1214176,stable
traces,nmt,counters,native_mem_avg_bytes.line_tables,10,44751,2671,0.05968,40776,49376,stable
traces,nmt,counters,native_mem_avg_bytes.liveness,10,0,0,0.00000,0,0,stable
traces,nmt,counters,native_mem_avg_bytes.method_map,10,189490,6160,0.03251,179904,198528,stable
traces,nmt,counters,native_mem_avg_bytes.misc,10,0,0,0.00000,0,0,stable
traces,nmt,counters,native_mem_avg_bytes.native_symbols,10,10317872,0,0.00000,10317872,10317872,stable
traces,nmt,counters,native_mem_avg_bytes.perf,10,0,0,0.00000,0,0,stable
traces,nmt,counters,native_mem_avg_bytes.thread_filter,10,40960,0,0.00000,40960,40960,stable
traces,nmt,counters,native_mem_avg_bytes.thread_info,10,2479,78,0.03152,2357,2609,stable
traces,nmt,counters,native_mem_avg_bytes.thread_local,10,57224,327,0.00571,56824,57624,stable
traces,nmt,counters,native_mem_avg_bytes.wallclock,10,4096,0,0.00000,4096,4096,stable
traces,nmt,counters,native_mem_chunk_overhead_bytes.calltrace,10,50882,2315,0.04549,47248,52624,stable
traces,nmt,counters,native_mem_chunk_overhead_bytes.dictionary,10,36648,0,0.00000,36648,36648,stable
traces,nmt,counters,native_mem_chunk_overhead_bytes.jfr_buffers,10,0,0,0.00000,0,0,stable
traces,nmt,counters,native_mem_chunk_overhead_bytes.line_tables,10,0,0,0.00000,0,0,stable
traces,nmt,counters,native_mem_chunk_overhead_bytes.liveness,10,0,0,0.00000,0,0,stable
traces,nmt,counters,native_mem_chunk_overhead_bytes.method_map,10,63163,2053,0.03251,59968,66176,stable
traces,nmt,counters,native_mem_chunk_overhead_bytes.misc,10,0,0,0.00000,0,0,stable
traces,nmt,counters,native_mem_chunk_overhead_bytes.native_symbols,10,964962,5,0.00001,964960,964976,stable
traces,nmt,counters,native_mem_chunk_overhead_bytes.perf,10,0,0,0.00000,0,0,stable
traces,nmt,counters,native_mem_chunk_overhead_bytes.thread_filter,10,0,0,0.00000,0,0,stable
traces,nmt,counters,native_mem_chunk_overhead_bytes.thread_info,10,369,22,0.06088,336,408,stable
traces,nmt,counters,native_mem_chunk_overhead_bytes.thread_local,10,0,0,0.00000,0,0,stable
traces,nmt,counters,native_mem_chunk_overhead_bytes.wallclock,10,0,0,0.00000,0,0,stable
traces,nmt,counters,native_mem_live_bytes,10,21272092,53801,0.00253,21176557,21331429,stable
traces,nmt,counters,native_mem_live_bytes.calltrace,10,4395037,40825,0.00929,4329024,4429232,stable
traces,nmt,counters,native_mem_live_bytes.dictionary,10,4775875,5829,0.00122,4774032,4792464,stable
traces,nmt,counters,native_mem_live_bytes.jfr_buffers,10,1214176,0,0.00000,1214176,1214176,stable
traces,nmt,counters,native_mem_live_bytes.line_tables,10,89502,5342,0.05968,81552,98752,stable
traces,nmt,counters,native_mem_live_bytes.liveness,10,0,0,0.00000,0,0,stable
traces,nmt,counters,native_mem_live_bytes.method_map,10,378979,12320,0.03251,359808,397056,stable
traces,nmt,counters,native_mem_live_bytes.misc,10,0,0,0.00000,0,0,stable
traces,nmt,counters,native_mem_live_bytes.native_symbols,10,10317872,0,0.00000,10317872,10317872,stable
traces,nmt,counters,native_mem_live_bytes.perf,10,0,0,0.00000,0,0,stable
traces,nmt,counters,native_mem_live_bytes.thread_filter,10,40960,0,0.00000,40960,40960,stable
traces,nmt,counters,native_mem_live_bytes.thread_info,10,2547,148,0.05817,2309,2813,stable
traces,nmt,counters,native_mem_live_bytes.thread_local,10,57144,413,0.00723,56824,57624,stable
traces,nmt,counters,native_mem_live_bytes.wallclock,10,0,0,0.00000,0,0,stable
traces,nmt,counters,native_mem_max_bytes,10,22995856,44180,0.00192,22920268,23045992,stable
traces,nmt,counters,native_mem_max_bytes.calltrace,10,5555312,31018,0.00558,5507704,5577400,stable
traces,nmt,counters,native_mem_max_bytes.dictionary,10,5330677,4115,0.00077,5327589,5341894,stable
traces,nmt,counters,native_mem_max_bytes.jfr_buffers,10,1214176,0,0.00000,1214176,1214176,stable
traces,nmt,counters,native_mem_max_bytes.line_tables,10,89502,5342,0.05968,81552,98752,stable
traces,nmt,counters,native_mem_max_bytes.liveness,10,0,0,0.00000,0,0,stable
traces,nmt,counters,native_mem_max_bytes.method_map,10,378979,12320,0.03251,359808,397056,stable
traces,nmt,counters,native_mem_max_bytes.misc,10,0,0,0.00000,0,0,stable
traces,nmt,counters,native_mem_max_bytes.native_symbols,10,10317872,0,0.00000,10317872,10317872,stable
traces,nmt,counters,native_mem_max_bytes.perf,10,0,0,0.00000,0,0,stable
traces,nmt,counters,native_mem_max_bytes.thread_filter,10,40960,0,0.00000,40960,40960,stable
traces,nmt,counters,native_mem_max_bytes.thread_info,10,2561,130,0.05061,2405,2813,stable
traces,nmt,counters,native_mem_max_bytes.thread_local,10,57624,0,0.00000,57624,57624,stable
traces,nmt,counters,native_mem_max_bytes.wallclock,10,8192,0,0.00000,8192,8192,stable
traces,nmt,counters,native_mem_max_observed_total_bytes,10,21272092,53801,0.00253,21176557,21331429,stable
traces,nmt,counters,native_mem_post_flush_live_bytes.calltrace,10,3790450,2315,0.00061,3786816,3792192,stable
traces,nmt,counters,native_mem_post_flush_live_bytes.dictionary,10,4775261,3886,0.00081,4774032,4786320,stable
traces,nmt,counters,native_mem_post_flush_live_bytes.jfr_buffers,10,1214176,0,0.00000,1214176,1214176,stable
traces,nmt,counters,native_mem_post_flush_live_bytes.line_tables,10,89502,5342,0.05968,81552,98752,stable
traces,nmt,counters,native_mem_post_flush_live_bytes.liveness,10,0,0,0.00000,0,0,stable
traces,nmt,counters,native_mem_post_flush_live_bytes.method_map,10,378979,12320,0.03251,359808,397056,stable
traces,nmt,counters,native_mem_post_flush_live_bytes.misc,10,0,0,0.00000,0,0,stable
traces,nmt,counters,native_mem_post_flush_live_bytes.native_symbols,10,10317872,0,0.00000,10317872,10317872,stable
traces,nmt,counters,native_mem_post_flush_live_bytes.perf,10,0,0,0.00000,0,0,stable
traces,nmt,counters,native_mem_post_flush_live_bytes.thread_filter,10,40960,0,0.00000,40960,40960,stable
traces,nmt,counters,native_mem_post_flush_live_bytes.thread_info,10,2412,53,0.02202,2333,2549,stable
traces,nmt,counters,native_mem_post_flush_live_bytes.thread_local,10,57304,413,0.00721,56824,57624,stable
traces,nmt,counters,native_mem_post_flush_live_bytes.wallclock,10,8192,0,0.00000,8192,8192,stable
traces,nmt,counters,native_mem_post_flush_max_bytes.calltrace,10,5555312,31018,0.00558,5507704,5577400,stable
traces,nmt,counters,native_mem_post_flush_max_bytes.dictionary,10,5330677,4115,0.00077,5327589,5341894,stable
traces,nmt,counters,native_mem_post_flush_max_bytes.jfr_buffers,10,1214176,0,0.00000,1214176,1214176,stable
traces,nmt,counters,native_mem_post_flush_max_bytes.line_tables,10,89502,5342,0.05968,81552,98752,stable
traces,nmt,counters,native_mem_post_flush_max_bytes.liveness,10,0,0,0.00000,0,0,stable
traces,nmt,counters,native_mem_post_flush_max_bytes.method_map,10,378979,12320,0.03251,359808,397056,stable
traces,nmt,counters,native_mem_post_flush_max_bytes.misc,10,0,0,0.00000,0,0,stable
traces,nmt,counters,native_mem_post_flush_max_bytes.native_symbols,10,10317872,0,0.00000,10317872,10317872,stable
traces,nmt,counters,native_mem_post_flush_max_bytes.perf,10,0,0,0.00000,0,0,stable
traces,nmt,counters,native_mem_post_flush_max_bytes.thread_filter,10,40960,0,0.00000,40960,40960,stable
traces,nmt,counters,native_mem_post_flush_max_bytes.thread_info,10,2412,53,0.02202,2333,2549,stable
traces,nmt,counters,native_mem_post_flush_max_bytes.thread_local,10,57624,0,0.00000,57624,57624,stable
traces,nmt,counters,native_mem_post_flush_max_bytes.wallclock,10,8192,0,0.00000,8192,8192,stable
traces,nmt,nmt_kb,arena_chunk,10,1123123,264555,0.23555,932864,1569792,noisy
traces,nmt,nmt_kb,class,10,9130189,432,0.00005,9129984,9131008,stable
traces,nmt,nmt_kb,code,10,53847757,109952,0.00204,53629952,53971968,stable
traces,nmt,nmt_kb,compiler,10,214118,21596,0.10086,201728,272384,stable
traces,nmt,nmt_kb,gc,10,55184384,106651,0.00193,54937600,55291904,stable
traces,nmt,nmt_kb,gccardset,10,125338,529,0.00422,124928,125952,stable
traces,nmt,nmt_kb,internal,10,2274406,4910,0.00216,2266112,2281472,stable
traces,nmt,nmt_kb,java_heap,10,536870912,0,0.00000,536870912,536870912,stable
traces,nmt,nmt_kb,metaspace,10,23120179,36620,0.00158,23086080,23215104,stable
traces,nmt,nmt_kb,module,10,40960,0,0.00000,40960,40960,stable
traces,nmt,nmt_kb,native_memory_tracking,10,2758554,11878,0.00431,2735104,2780160,stable
traces,nmt,nmt_kb,safepoint,10,8192,0,0.00000,8192,8192,stable
traces,nmt,nmt_kb,serviceability,10,17408,0,0.00000,17408,17408,stable
traces,nmt,nmt_kb,string_deduplication,10,1024,0,0.00000,1024,1024,stable
traces,nmt,nmt_kb,symbol,10,2060288,0,0.00000,2060288,2060288,stable
traces,nmt,nmt_kb,synchronization,10,713216,14532,0.02037,705536,752640,stable
traces,nmt,nmt_kb,thread,10,1116160,55334,0.04958,1042432,1159168,stable
traces,nmt,nmt_kb,total,10,701912269,339604,0.00048,701531136,702514176,stable
traces,nmt,nmt_kb,unknown,10,0,0,0.00000,0,0,stable
traces,nmt,proc_kb,RssAnon,10,706405581,1237950,0.00175,703918080,707768320,stable
traces,nmt,proc_kb,RssFile,10,25267814,1295,0.00005,25264128,25268224,stable
traces,nmt,proc_kb,VmRSS,10,731673395,1237524,0.00169,729186304,733036544,stable
traces,noprof,nmt_kb,arena_chunk,3,1135275,348812,0.30725,933888,1538048,noisy
traces,noprof,nmt_kb,class,3,8648704,0,0.00000,8648704,8648704,stable
traces,noprof,nmt_kb,code,3,46745941,377038,0.00807,46435328,47165440,stable
traces,noprof,nmt_kb,compiler,3,215381,21875,0.10156,202752,240640,stable
traces,noprof,nmt_kb,gc,3,55136256,131284,0.00238,54984704,55215104,stable
traces,noprof,nmt_kb,gccardset,3,125269,591,0.00472,124928,125952,stable
traces,noprof,nmt_kb,internal,3,1711787,2132,0.00125,1710080,1714176,stable
traces,noprof,nmt_kb,java_heap,3,536870912,0,0.00000,536870912,536870912,stable
traces,noprof,nmt_kb,metaspace,3,22899712,26604,0.00116,22884352,22930432,stable
traces,noprof,nmt_kb,module,3,40960,0,0.00000,40960,40960,stable
traces,noprof,nmt_kb,native_memory_tracking,3,2464427,6663,0.00270,2457600,2470912,stable
traces,noprof,nmt_kb,safepoint,3,8192,0,0.00000,8192,8192,stable
traces,noprof,nmt_kb,serviceability,3,17408,0,0.00000,17408,17408,stable
traces,noprof,nmt_kb,string_deduplication,3,1024,0,0.00000,1024,1024,stable
traces,noprof,nmt_kb,symbol,3,2038784,0,0.00000,2038784,2038784,stable
traces,noprof,nmt_kb,synchronization,3,713045,14780,0.02073,704512,730112,stable
traces,noprof,nmt_kb,thread,3,1132885,36655,0.03236,1090560,1154048,stable
traces,noprof,nmt_kb,total,3,693209429,365914,0.00053,692891648,693609472,stable
traces,noprof,nmt_kb,unknown,3,0,0,0.00000,0,0,stable
traces,noprof,proc_kb,RssAnon,3,673266347,1030576,0.00153,672116736,674107392,stable
traces,noprof,proc_kb,RssFile,3,21031595,9459,0.00045,21020672,21037056,stable
traces,noprof,proc_kb,VmRSS,3,694297941,1039717,0.00150,693137408,695144448,stable
